지역,규모,연도,월,분양가
서울, 60㎡이하,2015,10,5652
서울, 60㎡초과 85㎡이하,2015,10,5882
서울, 85㎡초과 102㎡이하,2015,10,5721
서울, 102㎡초과,2015,10,5879
인천, 60㎡이하,2015,10,3488
인천, 60㎡초과 85㎡이하,2015,10,3119
인천, 85㎡초과 102㎡이하,2015,10,3545
인천, 102㎡초과,2015,10,3408
경기, 60㎡이하,2015,10,3126
경기, 60㎡초과 85㎡이하,2015,10,3239
경기, 85㎡초과 102㎡이하,2015,10,3496
경기, 102㎡초과,2015,10,3680
부산, 60㎡이하,2015,10,2950
부산, 60㎡초과 85㎡이하,2015,10,2999
부산, 85㎡초과 102㎡이하,2015,10,2957
부산, 102㎡초과,2015,10,3500
대구, 60㎡이하,2015,10,2614
대구, 60㎡초과 85㎡이하,2015,10,2696
대구, 85㎡초과 102㎡이하,2015,10,2557
대구, 102㎡초과,2015,10,2598
광주, 60㎡이하,2015,10,2253
광주, 60㎡초과 85㎡이하,2015,10,2439
대전, 60㎡이하,2015,10,2585
대전, 60㎡초과 85㎡이하,2015,10,2428
대전, 85㎡초과 102㎡이하,2015,10,2461
울산, 60㎡이하,2015,10,2422
울산, 60㎡초과 85㎡이하,2015,10,3040
울산, 85㎡초과 102㎡이하,2015,10,2951
울산, 102㎡초과,2015,10,2690
세종, 60㎡이하,2015,10,2572
세종, 60㎡초과 85㎡이하,2015,10,2657
세종, 85㎡초과 102㎡이하,2015,10,2644
세종, 102㎡초과,2015,10,2692
강원, 60㎡이하,2015,10,2286
강원, 60㎡초과 85㎡이하,2015,10,2212
강원, 85㎡초과 102㎡이하,2015,10,2061
강원, 102㎡초과,2015,10,2171
충북, 60㎡이하,2015,10,1919
충북, 60㎡초과 85㎡이하,2015,10,2033
충북, 85㎡초과 102㎡이하,2015,10,2102
충북, 102㎡초과,2015,10,2369
충남, 60㎡이하,2015,10,2206
충남, 60㎡초과 85㎡이하,2015,10,2101
충남, 85㎡초과 102㎡이하,2015,10,2743
충남, 102㎡초과,2015,10,2442
전북, 60㎡이하,2015,10,2127
전북, 60㎡초과 85㎡이하,2015,10,2056
전북, 85㎡초과 102㎡이하,2015,10,2377
전북, 102㎡초과,2015,10,2250
전남, 60㎡이하,2015,10,1999
전남, 60㎡초과 85㎡이하,2015,10,1922
전남, 85㎡초과 102㎡이하,2015,10,2262
전남, 102㎡초과,2015,10,2292
경북, 60㎡이하,2015,10,2204
경북, 60㎡초과 85㎡이하,2015,10,2145
경북, 85㎡초과 102㎡이하,2015,10,2308
경북, 102㎡초과,2015,10,2222
경남, 60㎡이하,2015,10,2239
경남, 60㎡초과 85㎡이하,2015,10,2305
경남, 85㎡초과 102㎡이하,2015,10,2890
경남, 102㎡초과,2015,10,3014
제주, 60㎡초과 85㎡이하,2015,10,2225
제주, 85㎡초과 102㎡이하,2015,10,2583
제주, 102㎡초과,2015,10,2574
서울, 60㎡이하,2015,11,6320
서울, 60㎡초과 85㎡이하,2015,11,5964
서울, 85㎡초과 102㎡이하,2015,11,7092
서울, 102㎡초과,2015,11,6551
인천, 60㎡이하,2015,11,3328
인천, 60㎡초과 85㎡이하,2015,11,3119
인천, 85㎡초과 102㎡이하,2015,11,3545
인천, 102㎡초과,2015,11,3408
경기, 60㎡이하,2015,11,3079
경기, 60㎡초과 85㎡이하,2015,11,3202
경기, 85㎡초과 102㎡이하,2015,11,3391
경기, 102㎡초과,2015,11,3724
부산, 60㎡이하,2015,11,2982
부산, 60㎡초과 85㎡이하,2015,11,3037
부산, 85㎡초과 102㎡이하,2015,11,2957
부산, 102㎡초과,2015,11,3739
대구, 60㎡이하,2015,11,2503
대구, 60㎡초과 85㎡이하,2015,11,2806
대구, 85㎡초과 102㎡이하,2015,11,2557
대구, 102㎡초과,2015,11,2743
광주, 60㎡이하,2015,11,2251
광주, 60㎡초과 85㎡이하,2015,11,2444
대전, 60㎡이하,2015,11,2585
대전, 60㎡초과 85㎡이하,2015,11,2428
대전, 85㎡초과 102㎡이하,2015,11,2461
울산, 60㎡이하,2015,11,2584
울산, 60㎡초과 85㎡이하,2015,11,3048
울산, 85㎡초과 102㎡이하,2015,11,2663
울산, 102㎡초과,2015,11,2874
세종, 60㎡이하,2015,11,2572
세종, 60㎡초과 85㎡이하,2015,11,2666
세종, 85㎡초과 102㎡이하,2015,11,2644
세종, 102㎡초과,2015,11,2749
강원, 60㎡이하,2015,11,2292
강원, 60㎡초과 85㎡이하,2015,11,2193
강원, 85㎡초과 102㎡이하,2015,11,2061
강원, 102㎡초과,2015,11,2171
충북, 60㎡이하,2015,11,1921
충북, 60㎡초과 85㎡이하,2015,11,2015
충북, 85㎡초과 102㎡이하,2015,11,1868
충북, 102㎡초과,2015,11,2277
충남, 60㎡이하,2015,11,2214
충남, 60㎡초과 85㎡이하,2015,11,2105
충남, 85㎡초과 102㎡이하,2015,11,2523
충남, 102㎡초과,2015,11,2468
전북, 60㎡이하,2015,11,2129
전북, 60㎡초과 85㎡이하,2015,11,2057
전북, 85㎡초과 102㎡이하,2015,11,2377
전북, 102㎡초과,2015,11,2282
전남, 60㎡이하,2015,11,1999
전남, 60㎡초과 85㎡이하,2015,11,1906
전남, 85㎡초과 102㎡이하,2015,11,2262
전남, 102㎡초과,2015,11,2176
경북, 60㎡이하,2015,11,2210
경북, 60㎡초과 85㎡이하,2015,11,2186
경북, 85㎡초과 102㎡이하,2015,11,2516
경북, 102㎡초과,2015,11,2370
경남, 60㎡이하,2015,11,2200
경남, 60㎡초과 85㎡이하,2015,11,2322
경남, 85㎡초과 102㎡이하,2015,11,2980
경남, 102㎡초과,2015,11,3043
제주, 60㎡초과 85㎡이하,2015,11,2225
제주, 85㎡초과 102㎡이하,2015,11,2583
제주, 102㎡초과,2015,11,2574
서울, 60㎡이하,2015,12,6321
서울, 60㎡초과 85㎡이하,2015,12,5966
서울, 85㎡초과 102㎡이하,2015,12,6513
서울, 102㎡초과,2015,12,6551
인천, 60㎡이하,2015,12,3328
인천, 60㎡초과 85㎡이하,2015,12,3119
인천, 85㎡초과 102㎡이하,2015,12,3545
인천, 102㎡초과,2015,12,3408
경기, 60㎡이하,2015,12,3293
경기, 60㎡초과 85㎡이하,2015,12,3314
경기, 85㎡초과 102㎡이하,2015,12,3449
경기, 102㎡초과,2015,12,3850
부산, 60㎡이하,2015,12,2951
부산, 60㎡초과 85㎡이하,2015,12,3032
부산, 85㎡초과 102㎡이하,2015,12,2957
부산, 102㎡초과,2015,12,3739
대구, 60㎡이하,2015,12,3282
대구, 60㎡초과 85㎡이하,2015,12,2971
대구, 85㎡초과 102㎡이하,2015,12,2532
대구, 102㎡초과,2015,12,2743
광주, 60㎡이하,2015,12,2395
광주, 60㎡초과 85㎡이하,2015,12,2489
대전, 60㎡이하,2015,12,2585
대전, 60㎡초과 85㎡이하,2015,12,2428
대전, 85㎡초과 102㎡이하,2015,12,2461
울산, 60㎡이하,2015,12,2584
울산, 60㎡초과 85㎡이하,2015,12,3048
울산, 85㎡초과 102㎡이하,2015,12,2663
울산, 102㎡초과,2015,12,2874
세종, 60㎡이하,2015,12,2601
세종, 60㎡초과 85㎡이하,2015,12,2676
세종, 85㎡초과 102㎡이하,2015,12,2661
세종, 102㎡초과,2015,12,2752
강원, 60㎡이하,2015,12,2292
강원, 60㎡초과 85㎡이하,2015,12,2193
강원, 85㎡초과 102㎡이하,2015,12,2061
강원, 102㎡초과,2015,12,2171
충북, 60㎡이하,2015,12,1941
충북, 60㎡초과 85㎡이하,2015,12,2017
충북, 85㎡초과 102㎡이하,2015,12,2276
충북, 102㎡초과,2015,12,2261
충남, 60㎡이하,2015,12,2438
충남, 60㎡초과 85㎡이하,2015,12,2279
충남, 85㎡초과 102㎡이하,2015,12,2523
충남, 102㎡초과,2015,12,2444
전북, 60㎡이하,2015,12,1925
전북, 60㎡초과 85㎡이하,2015,12,1987
전북, 85㎡초과 102㎡이하,2015,12,2377
전북, 102㎡초과,2015,12,2282
전남, 60㎡이하,2015,12,1999
전남, 60㎡초과 85㎡이하,2015,12,1906
전남, 85㎡초과 102㎡이하,2015,12,2262
전남, 102㎡초과,2015,12,2176
경북, 60㎡이하,2015,12,2178
경북, 60㎡초과 85㎡이하,2015,12,2184
경북, 85㎡초과 102㎡이하,2015,12,2516
경북, 102㎡초과,2015,12,2370
경남, 60㎡이하,2015,12,2280
경남, 60㎡초과 85㎡이하,2015,12,2329
경남, 85㎡초과 102㎡이하,2015,12,2934
경남, 102㎡초과,2015,12,3019
제주, 60㎡초과 85㎡이하,2015,12,2260
제주, 85㎡초과 102㎡이하,2015,12,2583
제주, 102㎡초과,2015,12,2574
서울, 60㎡이하,2016,1,6427
서울, 60㎡초과 85㎡이하,2016,1,6036
서울, 85㎡초과 102㎡이하,2016,1,6513
서울, 102㎡초과,2016,1,6551
인천, 60㎡이하,2016,1,3328
인천, 60㎡초과 85㎡이하,2016,1,3110
인천, 85㎡초과 102㎡이하,2016,1,3545
인천, 102㎡초과,2016,1,3408
경기, 60㎡이하,2016,1,3293
경기, 60㎡초과 85㎡이하,2016,1,3313
경기, 85㎡초과 102㎡이하,2016,1,3450
경기, 102㎡초과,2016,1,3850
부산, 60㎡이하,2016,1,2951
부산, 60㎡초과 85㎡이하,2016,1,3057
부산, 85㎡초과 102㎡이하,2016,1,2957
부산, 102㎡초과,2016,1,3812
대구, 60㎡이하,2016,1,3341
대구, 60㎡초과 85㎡이하,2016,1,3103
대구, 85㎡초과 102㎡이하,2016,1,2532
대구, 102㎡초과,2016,1,2743
광주, 60㎡이하,2016,1,2395
광주, 60㎡초과 85㎡이하,2016,1,2582
대전, 60㎡이하,2016,1,2585
대전, 60㎡초과 85㎡이하,2016,1,2428
대전, 85㎡초과 102㎡이하,2016,1,2461
울산, 60㎡이하,2016,1,2584
울산, 60㎡초과 85㎡이하,2016,1,3053
울산, 85㎡초과 102㎡이하,2016,1,2663
울산, 102㎡초과,2016,1,2874
세종, 60㎡이하,2016,1,2601
세종, 60㎡초과 85㎡이하,2016,1,2676
세종, 85㎡초과 102㎡이하,2016,1,2661
세종, 102㎡초과,2016,1,2752
강원, 60㎡이하,2016,1,2290
강원, 60㎡초과 85㎡이하,2016,1,2199
강원, 85㎡초과 102㎡이하,2016,1,2061
강원, 102㎡초과,2016,1,2171
충북, 60㎡이하,2016,1,1952
충북, 60㎡초과 85㎡이하,2016,1,2021
충북, 85㎡초과 102㎡이하,2016,1,2276
충북, 102㎡초과,2016,1,2261
충남, 60㎡이하,2016,1,2481
충남, 60㎡초과 85㎡이하,2016,1,2281
충남, 85㎡초과 102㎡이하,2016,1,2541
충남, 102㎡초과,2016,1,2444
전북, 60㎡이하,2016,1,1908
전북, 60㎡초과 85㎡이하,2016,1,1987
전북, 85㎡초과 102㎡이하,2016,1,2377
전북, 102㎡초과,2016,1,2282
전남, 60㎡이하,2016,1,1999
전남, 60㎡초과 85㎡이하,2016,1,1906
전남, 85㎡초과 102㎡이하,2016,1,2262
전남, 102㎡초과,2016,1,2176
경북, 60㎡이하,2016,1,2178
경북, 60㎡초과 85㎡이하,2016,1,2185
경북, 85㎡초과 102㎡이하,2016,1,2516
경북, 102㎡초과,2016,1,2346
경남, 60㎡이하,2016,1,2270
경남, 60㎡초과 85㎡이하,2016,1,2348
경남, 85㎡초과 102㎡이하,2016,1,2925
경남, 102㎡초과,2016,1,2828
제주, 60㎡초과 85㎡이하,2016,1,2260
제주, 85㎡초과 102㎡이하,2016,1,2583
제주, 102㎡초과,2016,1,2574
서울, 60㎡이하,2016,2,6438
서울, 60㎡초과 85㎡이하,2016,2,6039
서울, 85㎡초과 102㎡이하,2016,2,6513
서울, 102㎡초과,2016,2,6458
인천, 60㎡이하,2016,2,3328
인천, 60㎡초과 85㎡이하,2016,2,3112
인천, 85㎡초과 102㎡이하,2016,2,3545
인천, 102㎡초과,2016,2,3408
경기, 60㎡이하,2016,2,3294
경기, 60㎡초과 85㎡이하,2016,2,3268
경기, 85㎡초과 102㎡이하,2016,2,3381
경기, 102㎡초과,2016,2,3669
부산, 60㎡이하,2016,2,2999
부산, 60㎡초과 85㎡이하,2016,2,3060
부산, 85㎡초과 102㎡이하,2016,2,2957
부산, 102㎡초과,2016,2,3812
대구, 60㎡이하,2016,2,3341
대구, 60㎡초과 85㎡이하,2016,2,3079
대구, 85㎡초과 102㎡이하,2016,2,2532
대구, 102㎡초과,2016,2,2743
광주, 60㎡이하,2016,2,2395
광주, 60㎡초과 85㎡이하,2016,2,2582
대전, 60㎡이하,2016,2,2585
대전, 60㎡초과 85㎡이하,2016,2,2428
대전, 85㎡초과 102㎡이하,2016,2,2461
울산, 60㎡이하,2016,2,2584
울산, 60㎡초과 85㎡이하,2016,2,3053
울산, 85㎡초과 102㎡이하,2016,2,2663
울산, 102㎡초과,2016,2,2874
세종, 60㎡이하,2016,2,2601
세종, 60㎡초과 85㎡이하,2016,2,2676
세종, 85㎡초과 102㎡이하,2016,2,2661
세종, 102㎡초과,2016,2,2752
강원, 60㎡이하,2016,2,2290
강원, 60㎡초과 85㎡이하,2016,2,2200
강원, 102㎡초과,2016,2,2350
충북, 60㎡이하,2016,2,1952
충북, 60㎡초과 85㎡이하,2016,2,2021
충북, 85㎡초과 102㎡이하,2016,2,2276
충북, 102㎡초과,2016,2,2261
충남, 60㎡이하,2016,2,2496
충남, 60㎡초과 85㎡이하,2016,2,2282
충남, 85㎡초과 102㎡이하,2016,2,2541
충남, 102㎡초과,2016,2,2444
전북, 60㎡이하,2016,2,1908
전북, 60㎡초과 85㎡이하,2016,2,1987
전북, 85㎡초과 102㎡이하,2016,2,2377
전북, 102㎡초과,2016,2,2283
전남, 60㎡이하,2016,2,1999
전남, 60㎡초과 85㎡이하,2016,2,1921
전남, 85㎡초과 102㎡이하,2016,2,2262
전남, 102㎡초과,2016,2,2176
경북, 60㎡이하,2016,2,2172
경북, 60㎡초과 85㎡이하,2016,2,2191
경북, 85㎡초과 102㎡이하,2016,2,2532
경북, 102㎡초과,2016,2,2346
경남, 60㎡이하,2016,2,2361
경남, 60㎡초과 85㎡이하,2016,2,2375
경남, 85㎡초과 102㎡이하,2016,2,2925
경남, 102㎡초과,2016,2,2673
제주, 60㎡초과 85㎡이하,2016,2,2260
제주, 85㎡초과 102㎡이하,2016,2,2583
제주, 102㎡초과,2016,2,2574
서울, 60㎡이하,2016,3,6550
서울, 60㎡초과 85㎡이하,2016,3,6127
서울, 85㎡초과 102㎡이하,2016,3,7179
서울, 102㎡초과,2016,3,6371
인천, 60㎡이하,2016,3,3323
인천, 60㎡초과 85㎡이하,2016,3,3111
인천, 85㎡초과 102㎡이하,2016,3,3545
인천, 102㎡초과,2016,3,3408
경기, 60㎡이하,2016,3,3441
경기, 60㎡초과 85㎡이하,2016,3,3259
경기, 85㎡초과 102㎡이하,2016,3,3363
경기, 102㎡초과,2016,3,3680
부산, 60㎡이하,2016,3,2951
부산, 60㎡초과 85㎡이하,2016,3,3102
부산, 85㎡초과 102㎡이하,2016,3,2957
부산, 102㎡초과,2016,3,3727
대구, 60㎡이하,2016,3,3341
대구, 60㎡초과 85㎡이하,2016,3,3154
대구, 85㎡초과 102㎡이하,2016,3,2539
대구, 102㎡초과,2016,3,2743
광주, 60㎡이하,2016,3,2470
광주, 60㎡초과 85㎡이하,2016,3,2601
대전, 60㎡이하,2016,3,2585
대전, 60㎡초과 85㎡이하,2016,3,2428
대전, 85㎡초과 102㎡이하,2016,3,2461
울산, 60㎡이하,2016,3,2584
울산, 60㎡초과 85㎡이하,2016,3,3075
울산, 85㎡초과 102㎡이하,2016,3,2663
울산, 102㎡초과,2016,3,3057
세종, 60㎡이하,2016,3,2601
세종, 60㎡초과 85㎡이하,2016,3,2681
세종, 85㎡초과 102㎡이하,2016,3,2670
세종, 102㎡초과,2016,3,2752
강원, 60㎡이하,2016,3,2249
강원, 60㎡초과 85㎡이하,2016,3,2221
강원, 102㎡초과,2016,3,2350
충북, 60㎡이하,2016,3,1925
충북, 60㎡초과 85㎡이하,2016,3,2021
충북, 85㎡초과 102㎡이하,2016,3,2276
충북, 102㎡초과,2016,3,2261
충남, 60㎡이하,2016,3,2226
충남, 60㎡초과 85㎡이하,2016,3,2114
충남, 85㎡초과 102㎡이하,2016,3,2541
충남, 102㎡초과,2016,3,2444
전북, 60㎡이하,2016,3,1910
전북, 60㎡초과 85㎡이하,2016,3,1959
전북, 85㎡초과 102㎡이하,2016,3,2269
전북, 102㎡초과,2016,3,2293
전남, 60㎡이하,2016,3,2002
전남, 60㎡초과 85㎡이하,2016,3,1919
전남, 85㎡초과 102㎡이하,2016,3,2262
전남, 102㎡초과,2016,3,2176
경북, 60㎡이하,2016,3,2173
경북, 60㎡초과 85㎡이하,2016,3,2191
경북, 85㎡초과 102㎡이하,2016,3,2675
경북, 102㎡초과,2016,3,2314
경남, 60㎡이하,2016,3,2366
경남, 60㎡초과 85㎡이하,2016,3,2392
경남, 85㎡초과 102㎡이하,2016,3,3053
경남, 102㎡초과,2016,3,2645
제주, 60㎡초과 85㎡이하,2016,3,2314
서울, 60㎡이하,2016,4,6618
서울, 60㎡초과 85㎡이하,2016,4,6196
서울, 85㎡초과 102㎡이하,2016,4,8096
서울, 102㎡초과,2016,4,6353
인천, 60㎡이하,2016,4,3323
인천, 60㎡초과 85㎡이하,2016,4,3147
인천, 85㎡초과 102㎡이하,2016,4,3545
인천, 102㎡초과,2016,4,4839
경기, 60㎡이하,2016,4,3400
경기, 60㎡초과 85㎡이하,2016,4,3243
경기, 85㎡초과 102㎡이하,2016,4,3395
경기, 102㎡초과,2016,4,3611
부산, 60㎡이하,2016,4,2973
부산, 60㎡초과 85㎡이하,2016,4,3087
부산, 85㎡초과 102㎡이하,2016,4,2930
부산, 102㎡초과,2016,4,3727
대구, 60㎡이하,2016,4,3341
대구, 60㎡초과 85㎡이하,2016,4,3168
대구, 85㎡초과 102㎡이하,2016,4,2539
대구, 102㎡초과,2016,4,2743
광주, 60㎡이하,2016,4,2600
광주, 60㎡초과 85㎡이하,2016,4,2696
광주, 85㎡초과 102㎡이하,2016,4,2754
광주, 102㎡초과,2016,4,3518
대전, 60㎡이하,2016,4,2529
대전, 60㎡초과 85㎡이하,2016,4,2425
울산, 60㎡이하,2016,4,2586
울산, 60㎡초과 85㎡이하,2016,4,3076
울산, 85㎡초과 102㎡이하,2016,4,2663
울산, 102㎡초과,2016,4,2967
세종, 60㎡이하,2016,4,2656
세종, 60㎡초과 85㎡이하,2016,4,2699
세종, 85㎡초과 102㎡이하,2016,4,2654
세종, 102㎡초과,2016,4,2714
강원, 60㎡이하,2016,4,2143
강원, 60㎡초과 85㎡이하,2016,4,2183
강원, 102㎡초과,2016,4,2350
충북, 60㎡이하,2016,4,1915
충북, 60㎡초과 85㎡이하,2016,4,2010
충북, 85㎡초과 102㎡이하,2016,4,2276
충북, 102㎡초과,2016,4,2261
충남, 60㎡이하,2016,4,2295
충남, 60㎡초과 85㎡이하,2016,4,2160
충남, 85㎡초과 102㎡이하,2016,4,2541
충남, 102㎡초과,2016,4,2638
전북, 60㎡이하,2016,4,1900
전북, 60㎡초과 85㎡이하,2016,4,1916
전북, 85㎡초과 102㎡이하,2016,4,2269
전북, 102㎡초과,2016,4,2380
전남, 60㎡이하,2016,4,1989
전남, 60㎡초과 85㎡이하,2016,4,1923
전남, 85㎡초과 102㎡이하,2016,4,2262
전남, 102㎡초과,2016,4,2176
경북, 60㎡이하,2016,4,2171
경북, 60㎡초과 85㎡이하,2016,4,2189
경북, 85㎡초과 102㎡이하,2016,4,2675
경북, 102㎡초과,2016,4,2314
경남, 60㎡이하,2016,4,2413
경남, 60㎡초과 85㎡이하,2016,4,2389
경남, 85㎡초과 102㎡이하,2016,4,3176
경남, 102㎡초과,2016,4,2660
제주, 60㎡이하,2016,4,2853
제주, 60㎡초과 85㎡이하,2016,4,2752
제주, 85㎡초과 102㎡이하,2016,4,2725
제주, 102㎡초과,2016,4,2602
서울, 60㎡이하,2016,5,6638
서울, 60㎡초과 85㎡이하,2016,5,6205
서울, 85㎡초과 102㎡이하,2016,5,7725
서울, 102㎡초과,2016,5,6353
인천, 60㎡이하,2016,5,3323
인천, 60㎡초과 85㎡이하,2016,5,3147
인천, 85㎡초과 102㎡이하,2016,5,3367
인천, 102㎡초과,2016,5,4192
경기, 60㎡이하,2016,5,3720
경기, 60㎡초과 85㎡이하,2016,5,3443
경기, 85㎡초과 102㎡이하,2016,5,3370
경기, 102㎡초과,2016,5,3956
부산, 60㎡이하,2016,5,2977
부산, 60㎡초과 85㎡이하,2016,5,3071
부산, 85㎡초과 102㎡이하,2016,5,3096
부산, 102㎡초과,2016,5,3536
대구, 60㎡이하,2016,5,3385
대구, 60㎡초과 85㎡이하,2016,5,3166
대구, 85㎡초과 102㎡이하,2016,5,2539
대구, 102㎡초과,2016,5,2743
광주, 60㎡이하,2016,5,2567
광주, 60㎡초과 85㎡이하,2016,5,2723
광주, 85㎡초과 102㎡이하,2016,5,2754
광주, 102㎡초과,2016,5,3518
대전, 60㎡이하,2016,5,2582
대전, 60㎡초과 85㎡이하,2016,5,2427
울산, 60㎡이하,2016,5,2600
울산, 60㎡초과 85㎡이하,2016,5,3080
울산, 85㎡초과 102㎡이하,2016,5,2663
울산, 102㎡초과,2016,5,2967
세종, 60㎡이하,2016,5,2656
세종, 60㎡초과 85㎡이하,2016,5,2699
세종, 85㎡초과 102㎡이하,2016,5,2654
세종, 102㎡초과,2016,5,2714
강원, 60㎡이하,2016,5,2113
강원, 60㎡초과 85㎡이하,2016,5,2150
강원, 102㎡초과,2016,5,2289
충북, 60㎡이하,2016,5,1925
충북, 60㎡초과 85㎡이하,2016,5,2024
충북, 85㎡초과 102㎡이하,2016,5,2276
충북, 102㎡초과,2016,5,2271
충남, 60㎡이하,2016,5,2301
충남, 60㎡초과 85㎡이하,2016,5,2150
충남, 85㎡초과 102㎡이하,2016,5,2554
충남, 102㎡초과,2016,5,2638
전북, 60㎡이하,2016,5,1909
전북, 60㎡초과 85㎡이하,2016,5,1955
전북, 85㎡초과 102㎡이하,2016,5,2269
전북, 102㎡초과,2016,5,2322
전남, 60㎡이하,2016,5,1989
전남, 60㎡초과 85㎡이하,2016,5,1925
전남, 85㎡초과 102㎡이하,2016,5,2262
전남, 102㎡초과,2016,5,2176
경북, 60㎡이하,2016,5,2171
경북, 60㎡초과 85㎡이하,2016,5,2189
경북, 85㎡초과 102㎡이하,2016,5,2675
경북, 102㎡초과,2016,5,2323
경남, 60㎡이하,2016,5,2423
경남, 60㎡초과 85㎡이하,2016,5,2380
경남, 85㎡초과 102㎡이하,2016,5,3278
경남, 102㎡초과,2016,5,2741
제주, 60㎡이하,2016,5,2853
제주, 60㎡초과 85㎡이하,2016,5,2712
제주, 85㎡초과 102㎡이하,2016,5,2708
제주, 102㎡초과,2016,5,2605
서울, 60㎡이하,2016,6,6562
서울, 60㎡초과 85㎡이하,2016,6,6218
서울, 85㎡초과 102㎡이하,2016,6,7732
서울, 102㎡초과,2016,6,6365
인천, 60㎡이하,2016,6,2981
인천, 60㎡초과 85㎡이하,2016,6,3353
인천, 85㎡초과 102㎡이하,2016,6,3453
인천, 102㎡초과,2016,6,3576
경기, 60㎡이하,2016,6,3781
경기, 60㎡초과 85㎡이하,2016,6,3539
경기, 85㎡초과 102㎡이하,2016,6,3334
경기, 102㎡초과,2016,6,4073
부산, 60㎡이하,2016,6,2972
부산, 60㎡초과 85㎡이하,2016,6,3069
부산, 85㎡초과 102㎡이하,2016,6,3253
부산, 102㎡초과,2016,6,3723
대구, 60㎡이하,2016,6,3385
대구, 60㎡초과 85㎡이하,2016,6,3165
대구, 85㎡초과 102㎡이하,2016,6,2839
대구, 102㎡초과,2016,6,2743
광주, 60㎡이하,2016,6,2567
광주, 60㎡초과 85㎡이하,2016,6,2743
광주, 85㎡초과 102㎡이하,2016,6,2754
광주, 102㎡초과,2016,6,3518
대전, 60㎡이하,2016,6,2648
대전, 60㎡초과 85㎡이하,2016,6,2547
울산, 60㎡이하,2016,6,2557
울산, 60㎡초과 85㎡이하,2016,6,3074
울산, 85㎡초과 102㎡이하,2016,6,2663
울산, 102㎡초과,2016,6,2967
세종, 60㎡이하,2016,6,2715
세종, 60㎡초과 85㎡이하,2016,6,2704
세종, 85㎡초과 102㎡이하,2016,6,2660
세종, 102㎡초과,2016,6,2610
강원, 60㎡이하,2016,6,2099
강원, 60㎡초과 85㎡이하,2016,6,2136
강원, 102㎡초과,2016,6,2339
충북, 60㎡이하,2016,6,2007
충북, 60㎡초과 85㎡이하,2016,6,2108
충북, 85㎡초과 102㎡이하,2016,6,2276
충북, 102㎡초과,2016,6,2243
충남, 60㎡이하,2016,6,2299
충남, 60㎡초과 85㎡이하,2016,6,2188
충남, 85㎡초과 102㎡이하,2016,6,2614
충남, 102㎡초과,2016,6,2749
전북, 60㎡이하,2016,6,1909
전북, 60㎡초과 85㎡이하,2016,6,1940
전북, 85㎡초과 102㎡이하,2016,6,2269
전북, 102㎡초과,2016,6,2322
전남, 60㎡이하,2016,6,1989
전남, 60㎡초과 85㎡이하,2016,6,1964
전남, 85㎡초과 102㎡이하,2016,6,2364
전남, 102㎡초과,2016,6,2264
경북, 60㎡이하,2016,6,2133
경북, 60㎡초과 85㎡이하,2016,6,2256
경북, 85㎡초과 102㎡이하,2016,6,2675
경북, 102㎡초과,2016,6,2526
경남, 60㎡이하,2016,6,2463
경남, 60㎡초과 85㎡이하,2016,6,2382
경남, 85㎡초과 102㎡이하,2016,6,3052
경남, 102㎡초과,2016,6,2740
제주, 60㎡이하,2016,6,2853
제주, 60㎡초과 85㎡이하,2016,6,2730
제주, 85㎡초과 102㎡이하,2016,6,3107
제주, 102㎡초과,2016,6,2605
서울, 60㎡이하,2016,7,6611
서울, 60㎡초과 85㎡이하,2016,7,6399
서울, 85㎡초과 102㎡이하,2016,7,7732
서울, 102㎡초과,2016,7,6373
인천, 60㎡이하,2016,7,2970
인천, 60㎡초과 85㎡이하,2016,7,3272
인천, 85㎡초과 102㎡이하,2016,7,3454
인천, 102㎡초과,2016,7,3599
경기, 60㎡이하,2016,7,3785
경기, 60㎡초과 85㎡이하,2016,7,3531
경기, 85㎡초과 102㎡이하,2016,7,3344
경기, 102㎡초과,2016,7,4124
부산, 60㎡이하,2016,7,2999
부산, 60㎡초과 85㎡이하,2016,7,3081
부산, 85㎡초과 102㎡이하,2016,7,3297
부산, 102㎡초과,2016,7,3874
대구, 60㎡이하,2016,7,3385
대구, 60㎡초과 85㎡이하,2016,7,3153
대구, 85㎡초과 102㎡이하,2016,7,2884
대구, 102㎡초과,2016,7,2743
광주, 60㎡이하,2016,7,2567
광주, 60㎡초과 85㎡이하,2016,7,2748
광주, 85㎡초과 102㎡이하,2016,7,2754
광주, 102㎡초과,2016,7,3518
대전, 60㎡이하,2016,7,2648
대전, 60㎡초과 85㎡이하,2016,7,2547
울산, 60㎡이하,2016,7,2557
울산, 60㎡초과 85㎡이하,2016,7,3074
울산, 85㎡초과 102㎡이하,2016,7,2663
울산, 102㎡초과,2016,7,2967
세종, 60㎡이하,2016,7,2715
세종, 60㎡초과 85㎡이하,2016,7,2713
세종, 85㎡초과 102㎡이하,2016,7,2664
세종, 102㎡초과,2016,7,2589
강원, 60㎡이하,2016,7,2069
강원, 60㎡초과 85㎡이하,2016,7,2139
강원, 102㎡초과,2016,7,2339
충북, 60㎡이하,2016,7,2044
충북, 60㎡초과 85㎡이하,2016,7,2150
충북, 85㎡초과 102㎡이하,2016,7,2276
충북, 102㎡초과,2016,7,2243
충남, 60㎡이하,2016,7,2299
충남, 60㎡초과 85㎡이하,2016,7,2188
충남, 85㎡초과 102㎡이하,2016,7,2614
충남, 102㎡초과,2016,7,2749
전북, 60㎡이하,2016,7,1924
전북, 60㎡초과 85㎡이하,2016,7,1936
전북, 85㎡초과 102㎡이하,2016,7,2290
전북, 102㎡초과,2016,7,2323
전남, 60㎡이하,2016,7,1989
전남, 60㎡초과 85㎡이하,2016,7,1965
전남, 85㎡초과 102㎡이하,2016,7,2364
전남, 102㎡초과,2016,7,2264
경북, 60㎡이하,2016,7,2114
경북, 60㎡초과 85㎡이하,2016,7,2265
경북, 85㎡초과 102㎡이하,2016,7,2675
경북, 102㎡초과,2016,7,2526
경남, 60㎡이하,2016,7,2432
경남, 60㎡초과 85㎡이하,2016,7,2370
경남, 85㎡초과 102㎡이하,2016,7,3052
경남, 102㎡초과,2016,7,2740
제주, 60㎡이하,2016,7,2853
제주, 60㎡초과 85㎡이하,2016,7,2730
제주, 85㎡초과 102㎡이하,2016,7,3107
제주, 102㎡초과,2016,7,2605
서울, 60㎡이하,2016,8,6592
서울, 60㎡초과 85㎡이하,2016,8,6424
서울, 85㎡초과 102㎡이하,2016,8,7270
서울, 102㎡초과,2016,8,6603
인천, 60㎡이하,2016,8,3007
인천, 60㎡초과 85㎡이하,2016,8,3289
인천, 85㎡초과 102㎡이하,2016,8,3454
인천, 102㎡초과,2016,8,3632
경기, 60㎡이하,2016,8,3788
경기, 60㎡초과 85㎡이하,2016,8,3552
경기, 85㎡초과 102㎡이하,2016,8,3303
경기, 102㎡초과,2016,8,4046
부산, 60㎡이하,2016,8,3051
부산, 60㎡초과 85㎡이하,2016,8,3101
부산, 85㎡초과 102㎡이하,2016,8,3383
부산, 102㎡초과,2016,8,3874
대구, 60㎡이하,2016,8,3182
대구, 60㎡초과 85㎡이하,2016,8,3154
대구, 85㎡초과 102㎡이하,2016,8,3045
대구, 102㎡초과,2016,8,3045
광주, 60㎡이하,2016,8,2567
광주, 60㎡초과 85㎡이하,2016,8,2728
광주, 85㎡초과 102㎡이하,2016,8,2754
광주, 102㎡초과,2016,8,3518
대전, 60㎡이하,2016,8,2648
대전, 60㎡초과 85㎡이하,2016,8,2547
울산, 60㎡이하,2016,8,2557
울산, 60㎡초과 85㎡이하,2016,8,2990
울산, 85㎡초과 102㎡이하,2016,8,2663
울산, 102㎡초과,2016,8,2967
세종, 60㎡이하,2016,8,2715
세종, 60㎡초과 85㎡이하,2016,8,2735
세종, 85㎡초과 102㎡이하,2016,8,2664
세종, 102㎡초과,2016,8,2585
강원, 60㎡이하,2016,8,2073
강원, 60㎡초과 85㎡이하,2016,8,2132
강원, 102㎡초과,2016,8,2402
충북, 60㎡이하,2016,8,2044
충북, 60㎡초과 85㎡이하,2016,8,2149
충북, 85㎡초과 102㎡이하,2016,8,2321
충북, 102㎡초과,2016,8,2243
충남, 60㎡이하,2016,8,2328
충남, 60㎡초과 85㎡이하,2016,8,2225
충남, 85㎡초과 102㎡이하,2016,8,2614
충남, 102㎡초과,2016,8,2765
전북, 60㎡이하,2016,8,1929
전북, 60㎡초과 85㎡이하,2016,8,1936
전북, 85㎡초과 102㎡이하,2016,8,2290
전북, 102㎡초과,2016,8,2323
전남, 60㎡이하,2016,8,1989
전남, 60㎡초과 85㎡이하,2016,8,1963
전남, 85㎡초과 102㎡이하,2016,8,2364
전남, 102㎡초과,2016,8,2264
경북, 60㎡이하,2016,8,2106
경북, 60㎡초과 85㎡이하,2016,8,2248
경북, 85㎡초과 102㎡이하,2016,8,2630
경북, 102㎡초과,2016,8,2576
경남, 60㎡이하,2016,8,2432
경남, 60㎡초과 85㎡이하,2016,8,2381
경남, 85㎡초과 102㎡이하,2016,8,3028
경남, 102㎡초과,2016,8,2759
제주, 60㎡이하,2016,8,2853
제주, 60㎡초과 85㎡이하,2016,8,2768
제주, 85㎡초과 102㎡이하,2016,8,3107
제주, 102㎡초과,2016,8,2605
서울, 60㎡이하,2016,9,6565
서울, 60㎡초과 85㎡이하,2016,9,6412
서울, 85㎡초과 102㎡이하,2016,9,7415
서울, 102㎡초과,2016,9,6571
인천, 60㎡이하,2016,9,3002
인천, 60㎡초과 85㎡이하,2016,9,3121
인천, 85㎡초과 102㎡이하,2016,9,3366
인천, 102㎡초과,2016,9,3632
경기, 60㎡이하,2016,9,3444
경기, 60㎡초과 85㎡이하,2016,9,3316
경기, 85㎡초과 102㎡이하,2016,9,3280
경기, 102㎡초과,2016,9,4079
부산, 60㎡이하,2016,9,3047
부산, 60㎡초과 85㎡이하,2016,9,3107
부산, 85㎡초과 102㎡이하,2016,9,3383
부산, 102㎡초과,2016,9,3874
대구, 60㎡이하,2016,9,3182
대구, 60㎡초과 85㎡이하,2016,9,3154
대구, 85㎡초과 102㎡이하,2016,9,3045
대구, 102㎡초과,2016,9,3045
광주, 60㎡이하,2016,9,2567
광주, 60㎡초과 85㎡이하,2016,9,2724
광주, 85㎡초과 102㎡이하,2016,9,2754
광주, 102㎡초과,2016,9,3087
대전, 60㎡이하,2016,9,2602
대전, 60㎡초과 85㎡이하,2016,9,2492
울산, 60㎡이하,2016,9,2557
울산, 60㎡초과 85㎡이하,2016,9,2990
울산, 85㎡초과 102㎡이하,2016,9,2663
울산, 102㎡초과,2016,9,2967
세종, 60㎡이하,2016,9,2698
세종, 60㎡초과 85㎡이하,2016,9,2738
세종, 85㎡초과 102㎡이하,2016,9,2665
세종, 102㎡초과,2016,9,2638
강원, 60㎡이하,2016,9,2075
강원, 60㎡초과 85㎡이하,2016,9,2135
강원, 102㎡초과,2016,9,2380
충북, 60㎡이하,2016,9,2044
충북, 60㎡초과 85㎡이하,2016,9,2153
충북, 85㎡초과 102㎡이하,2016,9,2321
충북, 102㎡초과,2016,9,2243
충남, 60㎡이하,2016,9,2328
충남, 60㎡초과 85㎡이하,2016,9,2225
충남, 85㎡초과 102㎡이하,2016,9,2614
충남, 102㎡초과,2016,9,2765
전북, 60㎡이하,2016,9,1935
전북, 60㎡초과 85㎡이하,2016,9,1930
전북, 85㎡초과 102㎡이하,2016,9,2297
전북, 102㎡초과,2016,9,2323
전남, 60㎡이하,2016,9,1997
전남, 60㎡초과 85㎡이하,2016,9,1966
전남, 85㎡초과 102㎡이하,2016,9,2364
전남, 102㎡초과,2016,9,2264
경북, 60㎡이하,2016,9,2118
경북, 60㎡초과 85㎡이하,2016,9,2263
경북, 85㎡초과 102㎡이하,2016,9,2630
경북, 102㎡초과,2016,9,2550
경남, 60㎡이하,2016,9,2429
경남, 60㎡초과 85㎡이하,2016,9,2387
경남, 85㎡초과 102㎡이하,2016,9,2844
경남, 102㎡초과,2016,9,2736
제주, 60㎡이하,2016,9,4091
제주, 60㎡초과 85㎡이하,2016,9,2994
제주, 85㎡초과 102㎡이하,2016,9,3157
제주, 102㎡초과,2016,9,3082
서울, 60㎡이하,2016,10,6661
서울, 60㎡초과 85㎡이하,2016,10,6537
서울, 85㎡초과 102㎡이하,2016,10,7400
서울, 102㎡초과,2016,10,7241
인천, 60㎡이하,2016,10,3041
인천, 60㎡초과 85㎡이하,2016,10,3153
인천, 85㎡초과 102㎡이하,2016,10,3311
인천, 102㎡초과,2016,10,4201
경기, 60㎡이하,2016,10,3508
경기, 60㎡초과 85㎡이하,2016,10,3389
경기, 85㎡초과 102㎡이하,2016,10,3305
경기, 102㎡초과,2016,10,4219
부산, 60㎡이하,2016,10,3070
부산, 60㎡초과 85㎡이하,2016,10,3087
부산, 85㎡초과 102㎡이하,2016,10,3395
부산, 102㎡초과,2016,10,3840
대구, 60㎡이하,2016,10,3182
대구, 60㎡초과 85㎡이하,2016,10,3154
대구, 85㎡초과 102㎡이하,2016,10,3045
대구, 102㎡초과,2016,10,3045
광주, 60㎡이하,2016,10,2568
광주, 60㎡초과 85㎡이하,2016,10,2728
광주, 85㎡초과 102㎡이하,2016,10,2754
광주, 102㎡초과,2016,10,3087
대전, 60㎡이하,2016,10,3013
대전, 60㎡초과 85㎡이하,2016,10,3072
대전, 85㎡초과 102㎡이하,2016,10,2600
대전, 102㎡초과,2016,10,4328
울산, 60㎡이하,2016,10,2557
울산, 60㎡초과 85㎡이하,2016,10,3223
울산, 85㎡초과 102㎡이하,2016,10,2663
울산, 102㎡초과,2016,10,3033
세종, 60㎡이하,2016,10,2778
세종, 60㎡초과 85㎡이하,2016,10,2709
세종, 85㎡초과 102㎡이하,2016,10,2687
세종, 102㎡초과,2016,10,2651
강원, 60㎡이하,2016,10,2111
강원, 60㎡초과 85㎡이하,2016,10,2138
강원, 85㎡초과 102㎡이하,2016,10,2031
강원, 102㎡초과,2016,10,2191
충북, 60㎡이하,2016,10,2078
충북, 60㎡초과 85㎡이하,2016,10,2169
충북, 85㎡초과 102㎡이하,2016,10,2684
충북, 102㎡초과,2016,10,2247
충남, 60㎡이하,2016,10,2290
충남, 60㎡초과 85㎡이하,2016,10,2243
충남, 85㎡초과 102㎡이하,2016,10,2614
충남, 102㎡초과,2016,10,2765
전북, 60㎡이하,2016,10,1942
전북, 60㎡초과 85㎡이하,2016,10,1933
전북, 85㎡초과 102㎡이하,2016,10,2305
전북, 102㎡초과,2016,10,2324
전남, 60㎡이하,2016,10,2058
전남, 60㎡초과 85㎡이하,2016,10,1984
전남, 85㎡초과 102㎡이하,2016,10,2467
전남, 102㎡초과,2016,10,2157
경북, 60㎡이하,2016,10,2277
경북, 60㎡초과 85㎡이하,2016,10,2302
경북, 85㎡초과 102㎡이하,2016,10,2653
경북, 102㎡초과,2016,10,2544
경남, 60㎡이하,2016,10,2495
경남, 60㎡초과 85㎡이하,2016,10,2406
경남, 85㎡초과 102㎡이하,2016,10,2870
경남, 102㎡초과,2016,10,2638
제주, 60㎡이하,2016,10,4091
제주, 60㎡초과 85㎡이하,2016,10,2994
제주, 85㎡초과 102㎡이하,2016,10,3157
제주, 102㎡초과,2016,10,3082
서울, 60㎡이하,2016,11,6695
서울, 60㎡초과 85㎡이하,2016,11,6508
서울, 85㎡초과 102㎡이하,2016,11,6749
서울, 102㎡초과,2016,11,6350
인천, 60㎡이하,2016,11,3121
인천, 60㎡초과 85㎡이하,2016,11,3153
인천, 85㎡초과 102㎡이하,2016,11,3311
인천, 102㎡초과,2016,11,4201
경기, 60㎡이하,2016,11,3650
경기, 60㎡초과 85㎡이하,2016,11,3497
경기, 85㎡초과 102㎡이하,2016,11,3439
경기, 102㎡초과,2016,11,4230
부산, 60㎡이하,2016,11,3039
부산, 60㎡초과 85㎡이하,2016,11,3070
부산, 85㎡초과 102㎡이하,2016,11,3395
부산, 102㎡초과,2016,11,3840
대구, 60㎡이하,2016,11,3182
대구, 60㎡초과 85㎡이하,2016,11,3114
대구, 85㎡초과 102㎡이하,2016,11,3045
대구, 102㎡초과,2016,11,5014
광주, 60㎡이하,2016,11,2559
광주, 60㎡초과 85㎡이하,2016,11,2784
광주, 85㎡초과 102㎡이하,2016,11,2817
광주, 102㎡초과,2016,11,3273
대전, 60㎡이하,2016,11,2671
대전, 60㎡초과 85㎡이하,2016,11,2660
대전, 85㎡초과 102㎡이하,2016,11,2600
대전, 102㎡초과,2016,11,4328
울산, 60㎡이하,2016,11,2842
울산, 60㎡초과 85㎡이하,2016,11,3274
울산, 102㎡초과,2016,11,3195
세종, 60㎡이하,2016,11,2778
세종, 60㎡초과 85㎡이하,2016,11,2709
세종, 85㎡초과 102㎡이하,2016,11,2687
세종, 102㎡초과,2016,11,2670
강원, 60㎡이하,2016,11,2017
강원, 60㎡초과 85㎡이하,2016,11,2073
강원, 85㎡초과 102㎡이하,2016,11,2031
강원, 102㎡초과,2016,11,2191
충북, 60㎡이하,2016,11,2082
충북, 60㎡초과 85㎡이하,2016,11,2144
충북, 85㎡초과 102㎡이하,2016,11,2711
충북, 102㎡초과,2016,11,2221
충남, 60㎡이하,2016,11,2322
충남, 60㎡초과 85㎡이하,2016,11,2278
충남, 85㎡초과 102㎡이하,2016,11,2926
충남, 102㎡초과,2016,11,2685
전북, 60㎡이하,2016,11,1942
전북, 60㎡초과 85㎡이하,2016,11,1934
전북, 85㎡초과 102㎡이하,2016,11,2305
전북, 102㎡초과,2016,11,2321
전남, 60㎡이하,2016,11,2058
전남, 60㎡초과 85㎡이하,2016,11,2058
전남, 85㎡초과 102㎡이하,2016,11,2467
전남, 102㎡초과,2016,11,2262
경북, 60㎡이하,2016,11,2290
경북, 60㎡초과 85㎡이하,2016,11,2303
경북, 85㎡초과 102㎡이하,2016,11,2690
경북, 102㎡초과,2016,11,2499
경남, 60㎡이하,2016,11,2496
경남, 60㎡초과 85㎡이하,2016,11,2351
경남, 85㎡초과 102㎡이하,2016,11,2872
경남, 102㎡초과,2016,11,2621
제주, 60㎡이하,2016,11,4091
제주, 60㎡초과 85㎡이하,2016,11,3024
제주, 85㎡초과 102㎡이하,2016,11,3157
제주, 102㎡초과,2016,11,3082
서울, 60㎡이하,2016,12,6713
서울, 60㎡초과 85㎡이하,2016,12,6492
서울, 85㎡초과 102㎡이하,2016,12,7030
서울, 102㎡초과,2016,12,6771
인천, 60㎡이하,2016,12,3181
인천, 60㎡초과 85㎡이하,2016,12,3137
인천, 85㎡초과 102㎡이하,2016,12,3275
인천, 102㎡초과,2016,12,4201
경기, 60㎡이하,2016,12,3602
경기, 60㎡초과 85㎡이하,2016,12,3508
경기, 85㎡초과 102㎡이하,2016,12,3360
경기, 102㎡초과,2016,12,4229
부산, 60㎡이하,2016,12,3030
부산, 60㎡초과 85㎡이하,2016,12,3249
부산, 85㎡초과 102㎡이하,2016,12,3354
부산, 102㎡초과,2016,12,4214
대구, 60㎡이하,2016,12,3500
대구, 60㎡초과 85㎡이하,2016,12,3151
대구, 85㎡초과 102㎡이하,2016,12,3045
대구, 102㎡초과,2016,12,5014
광주, 60㎡이하,2016,12,2557
광주, 60㎡초과 85㎡이하,2016,12,2794
광주, 85㎡초과 102㎡이하,2016,12,2817
광주, 102㎡초과,2016,12,3273
대전, 60㎡이하,2016,12,2671
대전, 60㎡초과 85㎡이하,2016,12,2660
대전, 85㎡초과 102㎡이하,2016,12,2600
대전, 102㎡초과,2016,12,4328
울산, 60㎡이하,2016,12,2858
울산, 60㎡초과 85㎡이하,2016,12,3272
울산, 102㎡초과,2016,12,3177
세종, 60㎡이하,2016,12,2769
세종, 60㎡초과 85㎡이하,2016,12,2706
세종, 85㎡초과 102㎡이하,2016,12,2676
세종, 102㎡초과,2016,12,2673
강원, 60㎡이하,2016,12,2085
강원, 60㎡초과 85㎡이하,2016,12,2085
강원, 85㎡초과 102㎡이하,2016,12,2248
강원, 102㎡초과,2016,12,2247
충북, 60㎡이하,2016,12,2099
충북, 60㎡초과 85㎡이하,2016,12,2100
충북, 85㎡초과 102㎡이하,2016,12,2855
충북, 102㎡초과,2016,12,2362
충남, 60㎡이하,2016,12,2355
충남, 60㎡초과 85㎡이하,2016,12,2273
충남, 85㎡초과 102㎡이하,2016,12,2926
충남, 102㎡초과,2016,12,2685
전북, 60㎡이하,2016,12,2265
전북, 60㎡초과 85㎡이하,2016,12,2004
전북, 85㎡초과 102㎡이하,2016,12,2305
전북, 102㎡초과,2016,12,2321
전남, 60㎡이하,2016,12,2058
전남, 60㎡초과 85㎡이하,2016,12,2074
전남, 85㎡초과 102㎡이하,2016,12,2467
전남, 102㎡초과,2016,12,2319
경북, 60㎡이하,2016,12,2327
경북, 60㎡초과 85㎡이하,2016,12,2314
경북, 85㎡초과 102㎡이하,2016,12,2690
경북, 102㎡초과,2016,12,2499
경남, 60㎡이하,2016,12,2478
경남, 60㎡초과 85㎡이하,2016,12,2380
경남, 85㎡초과 102㎡이하,2016,12,2872
경남, 102㎡초과,2016,12,2621
제주, 60㎡이하,2016,12,4091
제주, 60㎡초과 85㎡이하,2016,12,3048
제주, 85㎡초과 102㎡이하,2016,12,3157
제주, 102㎡초과,2016,12,3082
서울, 60㎡이하,2017,1,6662
서울, 60㎡초과 85㎡이하,2017,1,6500
서울, 85㎡초과 102㎡이하,2017,1,7030
서울, 102㎡초과,2017,1,6771
인천, 60㎡이하,2017,1,3181
인천, 60㎡초과 85㎡이하,2017,1,3137
인천, 85㎡초과 102㎡이하,2017,1,3275
인천, 102㎡초과,2017,1,4201
경기, 60㎡이하,2017,1,3609
경기, 60㎡초과 85㎡이하,2017,1,3508
경기, 85㎡초과 102㎡이하,2017,1,3360
경기, 102㎡초과,2017,1,4229
부산, 60㎡이하,2017,1,3030
부산, 60㎡초과 85㎡이하,2017,1,3240
부산, 85㎡초과 102㎡이하,2017,1,3354
부산, 102㎡초과,2017,1,4214
대구, 60㎡이하,2017,1,3608
대구, 60㎡초과 85㎡이하,2017,1,3129
대구, 85㎡초과 102㎡이하,2017,1,3045
대구, 102㎡초과,2017,1,5014
광주, 60㎡이하,2017,1,2557
광주, 60㎡초과 85㎡이하,2017,1,2790
광주, 85㎡초과 102㎡이하,2017,1,2817
광주, 102㎡초과,2017,1,3273
대전, 60㎡이하,2017,1,2671
대전, 60㎡초과 85㎡이하,2017,1,2660
대전, 85㎡초과 102㎡이하,2017,1,2600
대전, 102㎡초과,2017,1,4328
울산, 60㎡이하,2017,1,2858
울산, 60㎡초과 85㎡이하,2017,1,3272
울산, 102㎡초과,2017,1,3177
세종, 60㎡이하,2017,1,2769
세종, 60㎡초과 85㎡이하,2017,1,2706
세종, 85㎡초과 102㎡이하,2017,1,2676
세종, 102㎡초과,2017,1,2673
강원, 60㎡이하,2017,1,2084
강원, 60㎡초과 85㎡이하,2017,1,2083
강원, 85㎡초과 102㎡이하,2017,1,2213
강원, 102㎡초과,2017,1,2246
충북, 60㎡이하,2017,1,2142
충북, 60㎡초과 85㎡이하,2017,1,2124
충북, 85㎡초과 102㎡이하,2017,1,2855
충북, 102㎡초과,2017,1,2362
충남, 60㎡이하,2017,1,2335
충남, 60㎡초과 85㎡이하,2017,1,2236
충남, 85㎡초과 102㎡이하,2017,1,2963
충남, 102㎡초과,2017,1,2679
전북, 60㎡이하,2017,1,2315
전북, 60㎡초과 85㎡이하,2017,1,2004
전북, 85㎡초과 102㎡이하,2017,1,2305
전북, 102㎡초과,2017,1,2321
전남, 60㎡이하,2017,1,2058
전남, 60㎡초과 85㎡이하,2017,1,2074
전남, 85㎡초과 102㎡이하,2017,1,2467
전남, 102㎡초과,2017,1,2319
경북, 60㎡이하,2017,1,2328
경북, 60㎡초과 85㎡이하,2017,1,2315
경북, 85㎡초과 102㎡이하,2017,1,2690
경북, 102㎡초과,2017,1,2540
경남, 60㎡이하,2017,1,2478
경남, 60㎡초과 85㎡이하,2017,1,2382
경남, 85㎡초과 102㎡이하,2017,1,2872
경남, 102㎡초과,2017,1,2623
제주, 60㎡이하,2017,1,4091
제주, 60㎡초과 85㎡이하,2017,1,3036
제주, 85㎡초과 102㎡이하,2017,1,3157
제주, 102㎡초과,2017,1,3082
서울, 60㎡이하,2017,2,6668
서울, 60㎡초과 85㎡이하,2017,2,6522
서울, 85㎡초과 102㎡이하,2017,2,6655
서울, 102㎡초과,2017,2,6893
인천, 60㎡이하,2017,2,3197
인천, 60㎡초과 85㎡이하,2017,2,3171
인천, 85㎡초과 102㎡이하,2017,2,3275
인천, 102㎡초과,2017,2,4201
경기, 60㎡이하,2017,2,3652
경기, 60㎡초과 85㎡이하,2017,2,3562
경기, 85㎡초과 102㎡이하,2017,2,3454
경기, 102㎡초과,2017,2,4296
부산, 60㎡이하,2017,2,3030
부산, 60㎡초과 85㎡이하,2017,2,3239
부산, 85㎡초과 102㎡이하,2017,2,3354
부산, 102㎡초과,2017,2,4214
대구, 60㎡이하,2017,2,3608
대구, 60㎡초과 85㎡이하,2017,2,3167
대구, 85㎡초과 102㎡이하,2017,2,3045
대구, 102㎡초과,2017,2,5014
광주, 60㎡이하,2017,2,2557
광주, 60㎡초과 85㎡이하,2017,2,2790
광주, 85㎡초과 102㎡이하,2017,2,2817
광주, 102㎡초과,2017,2,3273
대전, 60㎡이하,2017,2,2776
대전, 60㎡초과 85㎡이하,2017,2,2681
대전, 85㎡초과 102㎡이하,2017,2,2600
대전, 102㎡초과,2017,2,4328
울산, 60㎡이하,2017,2,2858
울산, 60㎡초과 85㎡이하,2017,2,3274
울산, 102㎡초과,2017,2,3177
세종, 60㎡이하,2017,2,2769
세종, 60㎡초과 85㎡이하,2017,2,2706
세종, 85㎡초과 102㎡이하,2017,2,2676
세종, 102㎡초과,2017,2,2673
강원, 60㎡이하,2017,2,2082
강원, 60㎡초과 85㎡이하,2017,2,2090
강원, 85㎡초과 102㎡이하,2017,2,2221
강원, 102㎡초과,2017,2,2251
충북, 60㎡이하,2017,2,2049
충북, 60㎡초과 85㎡이하,2017,2,2061
충북, 85㎡초과 102㎡이하,2017,2,2855
충북, 102㎡초과,2017,2,2358
충남, 60㎡이하,2017,2,2335
충남, 60㎡초과 85㎡이하,2017,2,2238
충남, 85㎡초과 102㎡이하,2017,2,2963
충남, 102㎡초과,2017,2,2679
전북, 60㎡이하,2017,2,2346
전북, 60㎡초과 85㎡이하,2017,2,1987
전북, 85㎡초과 102㎡이하,2017,2,2305
전북, 102㎡초과,2017,2,2300
전남, 60㎡이하,2017,2,2058
전남, 60㎡초과 85㎡이하,2017,2,2096
전남, 85㎡초과 102㎡이하,2017,2,2467
전남, 102㎡초과,2017,2,2319
경북, 60㎡이하,2017,2,2340
경북, 60㎡초과 85㎡이하,2017,2,2306
경북, 85㎡초과 102㎡이하,2017,2,2690
경북, 102㎡초과,2017,2,2540
경남, 60㎡이하,2017,2,2575
경남, 60㎡초과 85㎡이하,2017,2,2375
경남, 85㎡초과 102㎡이하,2017,2,2872
경남, 102㎡초과,2017,2,2716
제주, 60㎡이하,2017,2,4038
제주, 60㎡초과 85㎡이하,2017,2,3042
제주, 85㎡초과 102㎡이하,2017,2,3157
제주, 102㎡초과,2017,2,3082
서울, 60㎡이하,2017,3,6570
서울, 60㎡초과 85㎡이하,2017,3,6420
서울, 85㎡초과 102㎡이하,2017,3,6457
서울, 102㎡초과,2017,3,6709
인천, 60㎡이하,2017,3,3268
인천, 60㎡초과 85㎡이하,2017,3,3177
인천, 85㎡초과 102㎡이하,2017,3,3275
인천, 102㎡초과,2017,3,4201
경기, 60㎡이하,2017,3,3773
경기, 60㎡초과 85㎡이하,2017,3,3585
경기, 85㎡초과 102㎡이하,2017,3,3527
경기, 102㎡초과,2017,3,4321
부산, 60㎡이하,2017,3,3123
부산, 60㎡초과 85㎡이하,2017,3,3273
부산, 85㎡초과 102㎡이하,2017,3,3354
부산, 102㎡초과,2017,3,3931
대구, 60㎡이하,2017,3,3848
대구, 60㎡초과 85㎡이하,2017,3,3208
대구, 85㎡초과 102㎡이하,2017,3,3216
대구, 102㎡초과,2017,3,5014
광주, 60㎡이하,2017,3,2448
광주, 60㎡초과 85㎡이하,2017,3,2798
광주, 85㎡초과 102㎡이하,2017,3,2817
광주, 102㎡초과,2017,3,3273
대전, 60㎡이하,2017,3,2776
대전, 60㎡초과 85㎡이하,2017,3,2681
대전, 85㎡초과 102㎡이하,2017,3,2600
대전, 102㎡초과,2017,3,4328
울산, 60㎡이하,2017,3,2858
울산, 60㎡초과 85㎡이하,2017,3,3274
울산, 102㎡초과,2017,3,3177
세종, 60㎡이하,2017,3,2769
세종, 60㎡초과 85㎡이하,2017,3,2706
세종, 85㎡초과 102㎡이하,2017,3,2676
세종, 102㎡초과,2017,3,2673
강원, 60㎡이하,2017,3,2072
강원, 60㎡초과 85㎡이하,2017,3,2070
강원, 85㎡초과 102㎡이하,2017,3,2221
강원, 102㎡초과,2017,3,2251
충북, 60㎡이하,2017,3,2155
충북, 60㎡초과 85㎡이하,2017,3,1983
충북, 85㎡초과 102㎡이하,2017,3,2855
충북, 102㎡초과,2017,3,2358
충남, 60㎡이하,2017,3,2335
충남, 60㎡초과 85㎡이하,2017,3,2239
충남, 85㎡초과 102㎡이하,2017,3,2963
충남, 102㎡초과,2017,3,2679
전북, 60㎡이하,2017,3,2350
전북, 60㎡초과 85㎡이하,2017,3,2040
전북, 85㎡초과 102㎡이하,2017,3,2321
전북, 102㎡초과,2017,3,2315
전남, 60㎡이하,2017,3,2151
전남, 60㎡초과 85㎡이하,2017,3,2094
전남, 85㎡초과 102㎡이하,2017,3,2379
전남, 102㎡초과,2017,3,2307
경북, 60㎡이하,2017,3,2342
경북, 60㎡초과 85㎡이하,2017,3,2286
경북, 85㎡초과 102㎡이하,2017,3,2690
경북, 102㎡초과,2017,3,2606
경남, 60㎡이하,2017,3,2520
경남, 60㎡초과 85㎡이하,2017,3,2397
경남, 85㎡초과 102㎡이하,2017,3,2872
경남, 102㎡초과,2017,3,2657
제주, 60㎡이하,2017,3,4038
제주, 60㎡초과 85㎡이하,2017,3,3038
제주, 85㎡초과 102㎡이하,2017,3,3157
제주, 102㎡초과,2017,3,3082
서울, 60㎡이하,2017,4,6570
서울, 60㎡초과 85㎡이하,2017,4,6414
서울, 85㎡초과 102㎡이하,2017,4,6457
서울, 102㎡초과,2017,4,6712
인천, 60㎡이하,2017,4,3268
인천, 60㎡초과 85㎡이하,2017,4,3177
인천, 85㎡초과 102㎡이하,2017,4,3275
인천, 102㎡초과,2017,4,4201
경기, 60㎡이하,2017,4,3812
경기, 60㎡초과 85㎡이하,2017,4,3552
경기, 85㎡초과 102㎡이하,2017,4,3608
경기, 102㎡초과,2017,4,4273
부산, 60㎡이하,2017,4,3089
부산, 60㎡초과 85㎡이하,2017,4,3307
부산, 85㎡초과 102㎡이하,2017,4,3354
부산, 102㎡초과,2017,4,3931
대구, 60㎡이하,2017,4,3848
대구, 60㎡초과 85㎡이하,2017,4,3182
대구, 85㎡초과 102㎡이하,2017,4,3216
대구, 102㎡초과,2017,4,4712
광주, 60㎡이하,2017,4,2448
광주, 60㎡초과 85㎡이하,2017,4,2852
광주, 85㎡초과 102㎡이하,2017,4,2880
광주, 102㎡초과,2017,4,3358
대전, 60㎡이하,2017,4,2849
대전, 60㎡초과 85㎡이하,2017,4,2685
대전, 85㎡초과 102㎡이하,2017,4,2600
대전, 102㎡초과,2017,4,4328
울산, 60㎡이하,2017,4,2904
울산, 60㎡초과 85㎡이하,2017,4,3591
울산, 102㎡초과,2017,4,3137
세종, 60㎡이하,2017,4,2769
세종, 60㎡초과 85㎡이하,2017,4,2698
세종, 85㎡초과 102㎡이하,2017,4,2787
세종, 102㎡초과,2017,4,2713
강원, 60㎡이하,2017,4,2072
강원, 60㎡초과 85㎡이하,2017,4,2070
강원, 85㎡초과 102㎡이하,2017,4,2221
강원, 102㎡초과,2017,4,2251
충북, 60㎡이하,2017,4,2155
충북, 60㎡초과 85㎡이하,2017,4,2045
충북, 85㎡초과 102㎡이하,2017,4,2563
충북, 102㎡초과,2017,4,2333
충남, 60㎡이하,2017,4,2330
충남, 60㎡초과 85㎡이하,2017,4,2228
충남, 85㎡초과 102㎡이하,2017,4,2963
충남, 102㎡초과,2017,4,2758
전북, 60㎡이하,2017,4,2350
전북, 60㎡초과 85㎡이하,2017,4,2101
전북, 85㎡초과 102㎡이하,2017,4,2321
전북, 102㎡초과,2017,4,2315
전남, 60㎡이하,2017,4,2151
전남, 60㎡초과 85㎡이하,2017,4,2110
전남, 85㎡초과 102㎡이하,2017,4,2379
전남, 102㎡초과,2017,4,2307
경북, 60㎡이하,2017,4,2390
경북, 60㎡초과 85㎡이하,2017,4,2307
경북, 85㎡초과 102㎡이하,2017,4,2690
경북, 102㎡초과,2017,4,2606
경남, 60㎡이하,2017,4,2554
경남, 60㎡초과 85㎡이하,2017,4,2391
경남, 85㎡초과 102㎡이하,2017,4,2872
경남, 102㎡초과,2017,4,2659
제주, 60㎡이하,2017,4,4630
제주, 60㎡초과 85㎡이하,2017,4,3196
제주, 85㎡초과 102㎡이하,2017,4,3271
제주, 102㎡초과,2017,4,3830
서울, 60㎡이하,2017,5,6592
서울, 60㎡초과 85㎡이하,2017,5,6461
서울, 85㎡초과 102㎡이하,2017,5,6408
서울, 102㎡초과,2017,5,6675
인천, 60㎡이하,2017,5,3268
인천, 60㎡초과 85㎡이하,2017,5,3290
인천, 85㎡초과 102㎡이하,2017,5,3392
인천, 102㎡초과,2017,5,4256
경기, 60㎡이하,2017,5,3628
경기, 60㎡초과 85㎡이하,2017,5,3462
경기, 85㎡초과 102㎡이하,2017,5,3591
경기, 102㎡초과,2017,5,4045
부산, 60㎡이하,2017,5,3136
부산, 60㎡초과 85㎡이하,2017,5,3626
부산, 85㎡초과 102㎡이하,2017,5,3013
부산, 102㎡초과,2017,5,3928
대구, 60㎡이하,2017,5,3848
대구, 60㎡초과 85㎡이하,2017,5,3182
대구, 85㎡초과 102㎡이하,2017,5,3216
대구, 102㎡초과,2017,5,4712
광주, 60㎡초과 85㎡이하,2017,5,2877
광주, 85㎡초과 102㎡이하,2017,5,2880
광주, 102㎡초과,2017,5,3358
대전, 60㎡이하,2017,5,2849
대전, 60㎡초과 85㎡이하,2017,5,2685
대전, 85㎡초과 102㎡이하,2017,5,2600
대전, 102㎡초과,2017,5,4328
울산, 60㎡이하,2017,5,2904
울산, 60㎡초과 85㎡이하,2017,5,3591
울산, 102㎡초과,2017,5,3137
세종, 60㎡이하,2017,5,2769
세종, 60㎡초과 85㎡이하,2017,5,2698
세종, 85㎡초과 102㎡이하,2017,5,2787
세종, 102㎡초과,2017,5,2713
강원, 60㎡이하,2017,5,2096
강원, 60㎡초과 85㎡이하,2017,5,2084
강원, 85㎡초과 102㎡이하,2017,5,2221
강원, 102㎡초과,2017,5,2282
충북, 60㎡이하,2017,5,2162
충북, 60㎡초과 85㎡이하,2017,5,2048
충북, 85㎡초과 102㎡이하,2017,5,2563
충북, 102㎡초과,2017,5,2564
충남, 60㎡이하,2017,5,2327
충남, 60㎡초과 85㎡이하,2017,5,2229
충남, 85㎡초과 102㎡이하,2017,5,2963
충남, 102㎡초과,2017,5,2758
전북, 60㎡이하,2017,5,2322
전북, 60㎡초과 85㎡이하,2017,5,2127
전북, 85㎡초과 102㎡이하,2017,5,2321
전북, 102㎡초과,2017,5,2373
전남, 60㎡이하,2017,5,2151
전남, 60㎡초과 85㎡이하,2017,5,2169
전남, 85㎡초과 102㎡이하,2017,5,2379
전남, 102㎡초과,2017,5,2307
경북, 60㎡이하,2017,5,2390
경북, 60㎡초과 85㎡이하,2017,5,2358
경북, 85㎡초과 102㎡이하,2017,5,2690
경북, 102㎡초과,2017,5,2667
경남, 60㎡이하,2017,5,2534
경남, 60㎡초과 85㎡이하,2017,5,2407
경남, 85㎡초과 102㎡이하,2017,5,2873
경남, 102㎡초과,2017,5,2661
제주, 60㎡이하,2017,5,4630
제주, 60㎡초과 85㎡이하,2017,5,3301
제주, 85㎡초과 102㎡이하,2017,5,4158
제주, 102㎡초과,2017,5,4800
서울, 60㎡이하,2017,6,6460
서울, 60㎡초과 85㎡이하,2017,6,6435
서울, 85㎡초과 102㎡이하,2017,6,7126
서울, 102㎡초과,2017,6,6949
인천, 60㎡이하,2017,6,3268
인천, 60㎡초과 85㎡이하,2017,6,3327
인천, 85㎡초과 102㎡이하,2017,6,3439
인천, 102㎡초과,2017,6,4055
경기, 60㎡이하,2017,6,3671
경기, 60㎡초과 85㎡이하,2017,6,3511
경기, 85㎡초과 102㎡이하,2017,6,3656
경기, 102㎡초과,2017,6,4052
부산, 60㎡이하,2017,6,3229
부산, 60㎡초과 85㎡이하,2017,6,3698
부산, 85㎡초과 102㎡이하,2017,6,3013
부산, 102㎡초과,2017,6,3818
대구, 60㎡이하,2017,6,3555
대구, 60㎡초과 85㎡이하,2017,6,3250
대구, 85㎡초과 102㎡이하,2017,6,3019
대구, 102㎡초과,2017,6,4712
광주, 60㎡초과 85㎡이하,2017,6,2899
광주, 85㎡초과 102㎡이하,2017,6,2880
광주, 102㎡초과,2017,6,3358
대전, 60㎡이하,2017,6,2849
대전, 60㎡초과 85㎡이하,2017,6,2685
대전, 85㎡초과 102㎡이하,2017,6,2600
대전, 102㎡초과,2017,6,4328
울산, 60㎡이하,2017,6,2904
울산, 60㎡초과 85㎡이하,2017,6,3594
울산, 102㎡초과,2017,6,3137
세종, 60㎡이하,2017,6,2779
세종, 60㎡초과 85㎡이하,2017,6,2703
세종, 85㎡초과 102㎡이하,2017,6,2787
세종, 102㎡초과,2017,6,2713
강원, 60㎡이하,2017,6,2149
강원, 60㎡초과 85㎡이하,2017,6,2125
강원, 85㎡초과 102㎡이하,2017,6,2221
강원, 102㎡초과,2017,6,2400
충북, 60㎡이하,2017,6,2162
충북, 60㎡초과 85㎡이하,2017,6,2041
충북, 85㎡초과 102㎡이하,2017,6,2563
충북, 102㎡초과,2017,6,2500
충남, 60㎡이하,2017,6,2355
충남, 60㎡초과 85㎡이하,2017,6,2265
충남, 85㎡초과 102㎡이하,2017,6,2963
충남, 102㎡초과,2017,6,2560
전북, 60㎡이하,2017,6,2322
전북, 60㎡초과 85㎡이하,2017,6,2197
전북, 85㎡초과 102㎡이하,2017,6,2321
전북, 102㎡초과,2017,6,2373
전남, 60㎡이하,2017,6,2151
전남, 60㎡초과 85㎡이하,2017,6,2152
전남, 85㎡초과 102㎡이하,2017,6,2291
전남, 102㎡초과,2017,6,2197
경북, 60㎡이하,2017,6,2390
경북, 60㎡초과 85㎡이하,2017,6,2376
경북, 85㎡초과 102㎡이하,2017,6,2690
경북, 102㎡초과,2017,6,2674
경남, 60㎡이하,2017,6,2495
경남, 60㎡초과 85㎡이하,2017,6,2431
경남, 85㎡초과 102㎡이하,2017,6,3042
경남, 102㎡초과,2017,6,2811
제주, 60㎡이하,2017,6,4630
제주, 60㎡초과 85㎡이하,2017,6,3249
제주, 85㎡초과 102㎡이하,2017,6,4809
제주, 102㎡초과,2017,6,4800
서울, 60㎡이하,2017,7,6510
서울, 60㎡초과 85㎡이하,2017,7,6342
서울, 85㎡초과 102㎡이하,2017,7,7126
서울, 102㎡초과,2017,7,6734
인천, 60㎡이하,2017,7,3272
인천, 60㎡초과 85㎡이하,2017,7,3323
인천, 85㎡초과 102㎡이하,2017,7,3427
인천, 102㎡초과,2017,7,4518
경기, 60㎡이하,2017,7,3707
경기, 60㎡초과 85㎡이하,2017,7,3624
경기, 85㎡초과 102㎡이하,2017,7,3605
경기, 102㎡초과,2017,7,4065
부산, 60㎡이하,2017,7,3277
부산, 60㎡초과 85㎡이하,2017,7,3718
부산, 85㎡초과 102㎡이하,2017,7,3492
부산, 102㎡초과,2017,7,3378
대구, 60㎡이하,2017,7,3555
대구, 60㎡초과 85㎡이하,2017,7,3887
대구, 102㎡초과,2017,7,4712
광주, 60㎡초과 85㎡이하,2017,7,2881
광주, 85㎡초과 102㎡이하,2017,7,2880
광주, 102㎡초과,2017,7,3358
대전, 60㎡이하,2017,7,2849
대전, 60㎡초과 85㎡이하,2017,7,2699
대전, 85㎡초과 102㎡이하,2017,7,2834
대전, 102㎡초과,2017,7,4328
울산, 60㎡이하,2017,7,2904
울산, 60㎡초과 85㎡이하,2017,7,3594
울산, 102㎡초과,2017,7,3137
세종, 60㎡이하,2017,7,2779
세종, 60㎡초과 85㎡이하,2017,7,2703
세종, 85㎡초과 102㎡이하,2017,7,2787
세종, 102㎡초과,2017,7,2713
강원, 60㎡이하,2017,7,2167
강원, 60㎡초과 85㎡이하,2017,7,2141
강원, 85㎡초과 102㎡이하,2017,7,2221
강원, 102㎡초과,2017,7,2401
충북, 60㎡이하,2017,7,2162
충북, 60㎡초과 85㎡이하,2017,7,2041
충북, 85㎡초과 102㎡이하,2017,7,2563
충북, 102㎡초과,2017,7,2500
충남, 60㎡이하,2017,7,2355
충남, 60㎡초과 85㎡이하,2017,7,2267
충남, 85㎡초과 102㎡이하,2017,7,2963
충남, 102㎡초과,2017,7,2560
전북, 60㎡이하,2017,7,2374
전북, 60㎡초과 85㎡이하,2017,7,2194
전북, 85㎡초과 102㎡이하,2017,7,2456
전북, 102㎡초과,2017,7,2281
전남, 60㎡이하,2017,7,2151
전남, 60㎡초과 85㎡이하,2017,7,2153
전남, 85㎡초과 102㎡이하,2017,7,2291
전남, 102㎡초과,2017,7,2197
경북, 60㎡이하,2017,7,2390
경북, 60㎡초과 85㎡이하,2017,7,2376
경북, 85㎡초과 102㎡이하,2017,7,2690
경북, 102㎡초과,2017,7,2674
경남, 60㎡이하,2017,7,2562
경남, 60㎡초과 85㎡이하,2017,7,2450
경남, 85㎡초과 102㎡이하,2017,7,3042
경남, 102㎡초과,2017,7,2826
제주, 60㎡이하,2017,7,5152
제주, 60㎡초과 85㎡이하,2017,7,3270
제주, 85㎡초과 102㎡이하,2017,7,4809
제주, 102㎡초과,2017,7,4800
서울, 60㎡이하,2017,8,6371
서울, 60㎡초과 85㎡이하,2017,8,5948
서울, 85㎡초과 102㎡이하,2017,8,7067
서울, 102㎡초과,2017,8,6254
인천, 60㎡이하,2017,8,3209
인천, 60㎡초과 85㎡이하,2017,8,3276
인천, 85㎡초과 102㎡이하,2017,8,3427
인천, 102㎡초과,2017,8,4986
경기, 60㎡이하,2017,8,3858
경기, 60㎡초과 85㎡이하,2017,8,3623
경기, 85㎡초과 102㎡이하,2017,8,3694
경기, 102㎡초과,2017,8,4037
부산, 60㎡이하,2017,8,3457
부산, 60㎡초과 85㎡이하,2017,8,3639
부산, 85㎡초과 102㎡이하,2017,8,3455
부산, 102㎡초과,2017,8,3642
대구, 60㎡이하,2017,8,3262
대구, 60㎡초과 85㎡이하,2017,8,3993
대구, 102㎡초과,2017,8,4712
광주, 60㎡초과 85㎡이하,2017,8,2890
광주, 85㎡초과 102㎡이하,2017,8,2880
광주, 102㎡초과,2017,8,3358
대전, 60㎡이하,2017,8,2849
대전, 60㎡초과 85㎡이하,2017,8,2699
대전, 85㎡초과 102㎡이하,2017,8,2834
대전, 102㎡초과,2017,8,4328
울산, 60㎡이하,2017,8,2904
울산, 60㎡초과 85㎡이하,2017,8,3594
울산, 102㎡초과,2017,8,3137
세종, 60㎡이하,2017,8,2779
세종, 60㎡초과 85㎡이하,2017,8,2703
세종, 85㎡초과 102㎡이하,2017,8,2787
세종, 102㎡초과,2017,8,2719
강원, 60㎡이하,2017,8,2242
강원, 60㎡초과 85㎡이하,2017,8,2269
강원, 85㎡초과 102㎡이하,2017,8,2221
강원, 102㎡초과,2017,8,2401
충북, 60㎡이하,2017,8,2162
충북, 60㎡초과 85㎡이하,2017,8,2048
충북, 85㎡초과 102㎡이하,2017,8,2563
충북, 102㎡초과,2017,8,2500
충남, 60㎡이하,2017,8,2328
충남, 60㎡초과 85㎡이하,2017,8,2269
충남, 85㎡초과 102㎡이하,2017,8,2963
충남, 102㎡초과,2017,8,2623
전북, 60㎡이하,2017,8,2352
전북, 60㎡초과 85㎡이하,2017,8,2211
전북, 85㎡초과 102㎡이하,2017,8,2456
전북, 102㎡초과,2017,8,2281
전남, 60㎡이하,2017,8,2151
전남, 60㎡초과 85㎡이하,2017,8,2221
전남, 85㎡초과 102㎡이하,2017,8,2291
전남, 102㎡초과,2017,8,2197
경북, 60㎡이하,2017,8,2506
경북, 60㎡초과 85㎡이하,2017,8,2426
경북, 85㎡초과 102㎡이하,2017,8,2867
경북, 102㎡초과,2017,8,2624
경남, 60㎡이하,2017,8,2623
경남, 60㎡초과 85㎡이하,2017,8,2499
경남, 85㎡초과 102㎡이하,2017,8,3042
경남, 102㎡초과,2017,8,2868
제주, 60㎡이하,2017,8,5152
제주, 60㎡초과 85㎡이하,2017,8,3270
제주, 85㎡초과 102㎡이하,2017,8,4809
제주, 102㎡초과,2017,8,4800
서울, 60㎡이하,2017,9,6767
서울, 60㎡초과 85㎡이하,2017,9,5938
서울, 85㎡초과 102㎡이하,2017,9,7887
서울, 102㎡초과,2017,9,6689
인천, 60㎡이하,2017,9,3330
인천, 60㎡초과 85㎡이하,2017,9,3307
인천, 85㎡초과 102㎡이하,2017,9,3478
인천, 102㎡초과,2017,9,4986
경기, 60㎡이하,2017,9,3902
경기, 60㎡초과 85㎡이하,2017,9,3601
경기, 85㎡초과 102㎡이하,2017,9,3696
경기, 102㎡초과,2017,9,4045
부산, 60㎡이하,2017,9,3467
부산, 60㎡초과 85㎡이하,2017,9,3558
부산, 85㎡초과 102㎡이하,2017,9,3442
부산, 102㎡초과,2017,9,3636
대구, 60㎡이하,2017,9,3454
대구, 60㎡초과 85㎡이하,2017,9,3824
대구, 102㎡초과,2017,9,4073
광주, 60㎡초과 85㎡이하,2017,9,2935
광주, 85㎡초과 102㎡이하,2017,9,2880
광주, 102㎡초과,2017,9,3037
대전, 60㎡이하,2017,9,3019
대전, 60㎡초과 85㎡이하,2017,9,2857
대전, 85㎡초과 102㎡이하,2017,9,2834
대전, 102㎡초과,2017,9,4328
울산, 60㎡이하,2017,9,2904
울산, 60㎡초과 85㎡이하,2017,9,3594
울산, 102㎡초과,2017,9,3137
세종, 60㎡이하,2017,9,2803
세종, 60㎡초과 85㎡이하,2017,9,2684
세종, 85㎡초과 102㎡이하,2017,9,2796
세종, 102㎡초과,2017,9,2799
강원, 60㎡이하,2017,9,2237
강원, 60㎡초과 85㎡이하,2017,9,2225
강원, 85㎡초과 102㎡이하,2017,9,2221
강원, 102㎡초과,2017,9,2319
충북, 60㎡이하,2017,9,2162
충북, 60㎡초과 85㎡이하,2017,9,2053
충북, 85㎡초과 102㎡이하,2017,9,2563
충북, 102㎡초과,2017,9,2500
충남, 60㎡이하,2017,9,2328
충남, 60㎡초과 85㎡이하,2017,9,2269
충남, 85㎡초과 102㎡이하,2017,9,2963
충남, 102㎡초과,2017,9,2623
전북, 60㎡이하,2017,9,2294
전북, 60㎡초과 85㎡이하,2017,9,2219
전북, 102㎡초과,2017,9,2138
전남, 60㎡이하,2017,9,2151
전남, 60㎡초과 85㎡이하,2017,9,2221
전남, 85㎡초과 102㎡이하,2017,9,2291
전남, 102㎡초과,2017,9,2197
경북, 60㎡이하,2017,9,2488
경북, 60㎡초과 85㎡이하,2017,9,2413
경북, 85㎡초과 102㎡이하,2017,9,2867
경북, 102㎡초과,2017,9,2969
경남, 60㎡이하,2017,9,2623
경남, 60㎡초과 85㎡이하,2017,9,2494
경남, 85㎡초과 102㎡이하,2017,9,3983
경남, 102㎡초과,2017,9,3148
제주, 60㎡이하,2017,9,5380
제주, 60㎡초과 85㎡이하,2017,9,3150
서울, 60㎡이하,2017,10,6815
서울, 60㎡초과 85㎡이하,2017,10,5934
서울, 85㎡초과 102㎡이하,2017,10,7274
서울, 102㎡초과,2017,10,6559
인천, 60㎡이하,2017,10,3330
인천, 60㎡초과 85㎡이하,2017,10,3306
인천, 85㎡초과 102㎡이하,2017,10,3445
인천, 102㎡초과,2017,10,4835
경기, 60㎡이하,2017,10,3829
경기, 60㎡초과 85㎡이하,2017,10,3574
경기, 85㎡초과 102㎡이하,2017,10,3769
경기, 102㎡초과,2017,10,4009
부산, 60㎡이하,2017,10,3587
부산, 60㎡초과 85㎡이하,2017,10,3735
부산, 85㎡초과 102㎡이하,2017,10,3454
부산, 102㎡초과,2017,10,3549
대구, 60㎡이하,2017,10,3454
대구, 60㎡초과 85㎡이하,2017,10,3824
대구, 102㎡초과,2017,10,4073
광주, 60㎡이하,2017,10,2776
광주, 60㎡초과 85㎡이하,2017,10,2906
광주, 85㎡초과 102㎡이하,2017,10,2880
광주, 102㎡초과,2017,10,3016
대전, 60㎡이하,2017,10,2729
대전, 60㎡초과 85㎡이하,2017,10,2715
대전, 85㎡초과 102㎡이하,2017,10,3067
울산, 60㎡이하,2017,10,2904
울산, 60㎡초과 85㎡이하,2017,10,3388
울산, 102㎡초과,2017,10,2761
세종, 60㎡이하,2017,10,2760
세종, 60㎡초과 85㎡이하,2017,10,2723
세종, 85㎡초과 102㎡이하,2017,10,2790
세종, 102㎡초과,2017,10,2787
강원, 60㎡이하,2017,10,2225
강원, 60㎡초과 85㎡이하,2017,10,2266
강원, 85㎡초과 102㎡이하,2017,10,2012
강원, 102㎡초과,2017,10,2392
충북, 60㎡이하,2017,10,2162
충북, 60㎡초과 85㎡이하,2017,10,2058
충북, 85㎡초과 102㎡이하,2017,10,2563
충북, 102㎡초과,2017,10,2500
충남, 60㎡이하,2017,10,2402
충남, 60㎡초과 85㎡이하,2017,10,2298
충남, 85㎡초과 102㎡이하,2017,10,2963
충남, 102㎡초과,2017,10,2623
전북, 60㎡이하,2017,10,2259
전북, 60㎡초과 85㎡이하,2017,10,2173
전북, 102㎡초과,2017,10,2138
전남, 60㎡이하,2017,10,2405
전남, 60㎡초과 85㎡이하,2017,10,2264
전남, 85㎡초과 102㎡이하,2017,10,2291
전남, 102㎡초과,2017,10,2395
경북, 60㎡이하,2017,10,2363
경북, 60㎡초과 85㎡이하,2017,10,2356
경북, 85㎡초과 102㎡이하,2017,10,2867
경북, 102㎡초과,2017,10,2969
경남, 60㎡이하,2017,10,2582
경남, 60㎡초과 85㎡이하,2017,10,2414
경남, 85㎡초과 102㎡이하,2017,10,2971
경남, 102㎡초과,2017,10,2984
제주, 60㎡이하,2017,10,5380
제주, 60㎡초과 85㎡이하,2017,10,3150
서울, 60㎡이하,2017,11,6931
서울, 60㎡초과 85㎡이하,2017,11,5899
서울, 85㎡초과 102㎡이하,2017,11,7311
서울, 102㎡초과,2017,11,6880
인천, 60㎡이하,2017,11,3330
인천, 60㎡초과 85㎡이하,2017,11,3306
인천, 85㎡초과 102㎡이하,2017,11,3445
인천, 102㎡초과,2017,11,4835
경기, 60㎡이하,2017,11,3726
경기, 60㎡초과 85㎡이하,2017,11,3527
경기, 85㎡초과 102㎡이하,2017,11,3647
경기, 102㎡초과,2017,11,4027
부산, 60㎡이하,2017,11,3720
부산, 60㎡초과 85㎡이하,2017,11,3778
부산, 85㎡초과 102㎡이하,2017,11,3714
부산, 102㎡초과,2017,11,3883
대구, 60㎡이하,2017,11,3466
대구, 60㎡초과 85㎡이하,2017,11,3654
대구, 102㎡초과,2017,11,3777
광주, 60㎡이하,2017,11,2776
광주, 60㎡초과 85㎡이하,2017,11,2888
광주, 102㎡초과,2017,11,2865
대전, 60㎡이하,2017,11,2693
대전, 60㎡초과 85㎡이하,2017,11,2763
대전, 85㎡초과 102㎡이하,2017,11,3067
울산, 60㎡이하,2017,11,2904
울산, 60㎡초과 85㎡이하,2017,11,3378
울산, 102㎡초과,2017,11,2761
세종, 60㎡이하,2017,11,2760
세종, 60㎡초과 85㎡이하,2017,11,2723
세종, 85㎡초과 102㎡이하,2017,11,2790
세종, 102㎡초과,2017,11,2812
강원, 60㎡이하,2017,11,2242
강원, 60㎡초과 85㎡이하,2017,11,2309
강원, 85㎡초과 102㎡이하,2017,11,2223
강원, 102㎡초과,2017,11,2751
충북, 60㎡이하,2017,11,2203
충북, 60㎡초과 85㎡이하,2017,11,2076
충북, 85㎡초과 102㎡이하,2017,11,2271
충북, 102㎡초과,2017,11,2504
충남, 60㎡이하,2017,11,2403
충남, 60㎡초과 85㎡이하,2017,11,2271
충남, 102㎡초과,2017,11,2283
전북, 60㎡이하,2017,11,2259
전북, 60㎡초과 85㎡이하,2017,11,2192
전북, 102㎡초과,2017,11,2441
전남, 60㎡이하,2017,11,2370
전남, 60㎡초과 85㎡이하,2017,11,2363
전남, 85㎡초과 102㎡이하,2017,11,2291
전남, 102㎡초과,2017,11,2491
경북, 60㎡이하,2017,11,2407
경북, 60㎡초과 85㎡이하,2017,11,2383
경북, 102㎡초과,2017,11,2985
경남, 60㎡이하,2017,11,2720
경남, 60㎡초과 85㎡이하,2017,11,2581
경남, 85㎡초과 102㎡이하,2017,11,2914
경남, 102㎡초과,2017,11,2838
제주, 60㎡이하,2017,11,5380
제주, 60㎡초과 85㎡이하,2017,11,3477
서울, 60㎡이하,2017,12,7005
서울, 60㎡초과 85㎡이하,2017,12,5868
서울, 85㎡초과 102㎡이하,2017,12,7478
서울, 102㎡초과,2017,12,6916
인천, 60㎡이하,2017,12,3354
인천, 60㎡초과 85㎡이하,2017,12,3324
인천, 85㎡초과 102㎡이하,2017,12,3478
인천, 102㎡초과,2017,12,4835
경기, 60㎡이하,2017,12,3829
경기, 60㎡초과 85㎡이하,2017,12,3552
경기, 85㎡초과 102㎡이하,2017,12,3696
경기, 102㎡초과,2017,12,4131
부산, 60㎡이하,2017,12,3737
부산, 60㎡초과 85㎡이하,2017,12,3803
부산, 85㎡초과 102㎡이하,2017,12,3692
부산, 102㎡초과,2017,12,3869
대구, 60㎡이하,2017,12,3466
대구, 60㎡초과 85㎡이하,2017,12,3564
대구, 102㎡초과,2017,12,3543
광주, 60㎡이하,2017,12,2776
광주, 60㎡초과 85㎡이하,2017,12,2890
광주, 102㎡초과,2017,12,2865
대전, 60㎡이하,2017,12,2628
대전, 60㎡초과 85㎡이하,2017,12,2690
대전, 85㎡초과 102㎡이하,2017,12,3067
울산, 60㎡초과 85㎡이하,2017,12,3162
세종, 60㎡초과 85㎡이하,2017,12,3164
세종, 85㎡초과 102㎡이하,2017,12,3099
세종, 102㎡초과,2017,12,3227
강원, 60㎡이하,2017,12,2203
강원, 60㎡초과 85㎡이하,2017,12,2293
강원, 85㎡초과 102㎡이하,2017,12,2239
강원, 102㎡초과,2017,12,2699
충북, 60㎡이하,2017,12,2203
충북, 60㎡초과 85㎡이하,2017,12,2076
충북, 85㎡초과 102㎡이하,2017,12,2271
충북, 102㎡초과,2017,12,2504
충남, 60㎡이하,2017,12,2506
충남, 60㎡초과 85㎡이하,2017,12,2373
충남, 102㎡초과,2017,12,2283
전북, 60㎡이하,2017,12,2259
전북, 60㎡초과 85㎡이하,2017,12,2215
전북, 85㎡초과 102㎡이하,2017,12,2221
전북, 102㎡초과,2017,12,2433
전남, 60㎡이하,2017,12,2427
전남, 60㎡초과 85㎡이하,2017,12,2382
전남, 85㎡초과 102㎡이하,2017,12,2291
전남, 102㎡초과,2017,12,2423
경북, 60㎡이하,2017,12,2407
경북, 60㎡초과 85㎡이하,2017,12,2383
경북, 102㎡초과,2017,12,2985
경남, 60㎡이하,2017,12,2784
경남, 60㎡초과 85㎡이하,2017,12,2666
경남, 85㎡초과 102㎡이하,2017,12,2914
경남, 102㎡초과,2017,12,2836
제주, 60㎡이하,2017,12,5380
제주, 60㎡초과 85㎡이하,2017,12,3467
제주, 102㎡초과,2017,12,3029
서울, 60㎡이하,2018,1,6898
서울, 60㎡초과 85㎡이하,2018,1,5857
서울, 85㎡초과 102㎡이하,2018,1,7478
서울, 102㎡초과,2018,1,6916
인천, 60㎡이하,2018,1,3376
인천, 60㎡초과 85㎡이하,2018,1,3324
인천, 85㎡초과 102㎡이하,2018,1,3478
인천, 102㎡초과,2018,1,4835
경기, 60㎡이하,2018,1,4119
경기, 60㎡초과 85㎡이하,2018,1,3793
경기, 85㎡초과 102㎡이하,2018,1,4350
경기, 102㎡초과,2018,1,4632
부산, 60㎡이하,2018,1,3737
부산, 60㎡초과 85㎡이하,2018,1,3803
부산, 85㎡초과 102㎡이하,2018,1,3692
부산, 102㎡초과,2018,1,3869
대구, 60㎡이하,2018,1,3521
대구, 60㎡초과 85㎡이하,2018,1,3587
대구, 102㎡초과,2018,1,3543
광주, 60㎡이하,2018,1,2776
광주, 60㎡초과 85㎡이하,2018,1,2887
광주, 102㎡초과,2018,1,2865
대전, 60㎡이하,2018,1,2628
대전, 60㎡초과 85㎡이하,2018,1,2750
대전, 85㎡초과 102㎡이하,2018,1,3067
울산, 60㎡초과 85㎡이하,2018,1,3162
세종, 60㎡초과 85㎡이하,2018,1,3164
세종, 85㎡초과 102㎡이하,2018,1,3099
세종, 102㎡초과,2018,1,3227
강원, 60㎡이하,2018,1,2216
강원, 60㎡초과 85㎡이하,2018,1,2322
강원, 85㎡초과 102㎡이하,2018,1,2591
강원, 102㎡초과,2018,1,2704
충북, 60㎡이하,2018,1,2203
충북, 60㎡초과 85㎡이하,2018,1,2076
충북, 85㎡초과 102㎡이하,2018,1,2271
충북, 102㎡초과,2018,1,2504
충남, 60㎡이하,2018,1,2421
충남, 60㎡초과 85㎡이하,2018,1,2409
충남, 102㎡초과,2018,1,2283
전북, 60㎡이하,2018,1,2259
전북, 60㎡초과 85㎡이하,2018,1,2215
전북, 85㎡초과 102㎡이하,2018,1,2221
전북, 102㎡초과,2018,1,2433
전남, 60㎡이하,2018,1,2427
전남, 60㎡초과 85㎡이하,2018,1,2380
전남, 85㎡초과 102㎡이하,2018,1,2459
전남, 102㎡초과,2018,1,2458
경북, 60㎡이하,2018,1,2525
경북, 60㎡초과 85㎡이하,2018,1,2435
경북, 102㎡초과,2018,1,2867
경남, 60㎡이하,2018,1,2784
경남, 60㎡초과 85㎡이하,2018,1,2666
경남, 85㎡초과 102㎡이하,2018,1,2914
경남, 102㎡초과,2018,1,2836
제주, 60㎡이하,2018,1,5380
제주, 60㎡초과 85㎡이하,2018,1,3512
제주, 102㎡초과,2018,1,3029
서울, 60㎡이하,2018,2,6907
서울, 60㎡초과 85㎡이하,2018,2,6373
서울, 85㎡초과 102㎡이하,2018,2,7495
서울, 102㎡초과,2018,2,6909
인천, 60㎡이하,2018,2,3433
인천, 60㎡초과 85㎡이하,2018,2,3338
인천, 85㎡초과 102㎡이하,2018,2,3478
인천, 102㎡초과,2018,2,4835
경기, 60㎡이하,2018,2,4246
경기, 60㎡초과 85㎡이하,2018,2,3826
경기, 85㎡초과 102㎡이하,2018,2,4351
경기, 102㎡초과,2018,2,4655
부산, 60㎡이하,2018,2,3744
부산, 60㎡초과 85㎡이하,2018,2,3812
부산, 85㎡초과 102㎡이하,2018,2,3692
부산, 102㎡초과,2018,2,3869
대구, 60㎡이하,2018,2,3521
대구, 60㎡초과 85㎡이하,2018,2,3365
대구, 102㎡초과,2018,2,3543
광주, 60㎡이하,2018,2,2776
광주, 60㎡초과 85㎡이하,2018,2,2887
광주, 102㎡초과,2018,2,2865
대전, 60㎡이하,2018,2,2498
대전, 60㎡초과 85㎡이하,2018,2,2882
대전, 85㎡초과 102㎡이하,2018,2,3067
울산, 60㎡초과 85㎡이하,2018,2,3174
세종, 60㎡초과 85㎡이하,2018,2,3164
세종, 85㎡초과 102㎡이하,2018,2,3099
세종, 102㎡초과,2018,2,3227
강원, 60㎡이하,2018,2,2252
강원, 60㎡초과 85㎡이하,2018,2,2320
강원, 85㎡초과 102㎡이하,2018,2,2595
강원, 102㎡초과,2018,2,2856
충북, 60㎡이하,2018,2,2348
충북, 60㎡초과 85㎡이하,2018,2,2165
충북, 85㎡초과 102㎡이하,2018,2,2271
충북, 102㎡초과,2018,2,2485
충남, 60㎡이하,2018,2,2421
충남, 60㎡초과 85㎡이하,2018,2,2409
충남, 102㎡초과,2018,2,2283
전북, 60㎡이하,2018,2,2183
전북, 60㎡초과 85㎡이하,2018,2,2261
전북, 85㎡초과 102㎡이하,2018,2,2221
전북, 102㎡초과,2018,2,2428
전남, 60㎡이하,2018,2,2228
전남, 60㎡초과 85㎡이하,2018,2,2337
전남, 85㎡초과 102㎡이하,2018,2,2459
전남, 102㎡초과,2018,2,2418
경북, 60㎡이하,2018,2,2525
경북, 60㎡초과 85㎡이하,2018,2,2435
경북, 102㎡초과,2018,2,2867
경남, 60㎡이하,2018,2,2784
경남, 60㎡초과 85㎡이하,2018,2,2673
경남, 85㎡초과 102㎡이하,2018,2,2914
경남, 102㎡초과,2018,2,2836
제주, 60㎡이하,2018,2,5462
제주, 60㎡초과 85㎡이하,2018,2,3542
제주, 102㎡초과,2018,2,3029
서울, 60㎡이하,2018,3,7193
서울, 60㎡초과 85㎡이하,2018,3,6553
서울, 85㎡초과 102㎡이하,2018,3,7823
서울, 102㎡초과,2018,3,7242
인천, 60㎡이하,2018,3,3754
인천, 60㎡초과 85㎡이하,2018,3,3448
인천, 85㎡초과 102㎡이하,2018,3,3395
인천, 102㎡초과,2018,3,4835
경기, 60㎡이하,2018,3,4248
경기, 60㎡초과 85㎡이하,2018,3,3826
경기, 85㎡초과 102㎡이하,2018,3,4270
경기, 102㎡초과,2018,3,4641
부산, 60㎡이하,2018,3,3654
부산, 60㎡초과 85㎡이하,2018,3,3789
부산, 85㎡초과 102㎡이하,2018,3,3692
부산, 102㎡초과,2018,3,3830
대구, 60㎡이하,2018,3,3521
대구, 60㎡초과 85㎡이하,2018,3,3404
대구, 102㎡초과,2018,3,3543
광주, 60㎡이하,2018,3,2776
광주, 60㎡초과 85㎡이하,2018,3,2924
광주, 102㎡초과,2018,3,2865
대전, 60㎡이하,2018,3,2498
대전, 60㎡초과 85㎡이하,2018,3,2882
대전, 85㎡초과 102㎡이하,2018,3,3067
울산, 60㎡초과 85㎡이하,2018,3,3174
세종, 60㎡초과 85㎡이하,2018,3,3164
세종, 85㎡초과 102㎡이하,2018,3,3099
세종, 102㎡초과,2018,3,3227
강원, 60㎡이하,2018,3,2269
강원, 60㎡초과 85㎡이하,2018,3,2387
강원, 85㎡초과 102㎡이하,2018,3,2830
강원, 102㎡초과,2018,3,2923
충북, 60㎡이하,2018,3,2348
충북, 60㎡초과 85㎡이하,2018,3,2456
충북, 85㎡초과 102㎡이하,2018,3,2471
충북, 102㎡초과,2018,3,2482
충남, 60㎡이하,2018,3,2421
충남, 60㎡초과 85㎡이하,2018,3,2409
충남, 102㎡초과,2018,3,2283
전북, 60㎡이하,2018,3,2183
전북, 60㎡초과 85㎡이하,2018,3,2250
전북, 85㎡초과 102㎡이하,2018,3,2221
전북, 102㎡초과,2018,3,2428
전남, 60㎡이하,2018,3,2228
전남, 60㎡초과 85㎡이하,2018,3,2336
전남, 85㎡초과 102㎡이하,2018,3,2627
전남, 102㎡초과,2018,3,2443
경북, 60㎡이하,2018,3,2525
경북, 60㎡초과 85㎡이하,2018,3,2421
경북, 102㎡초과,2018,3,2788
경남, 60㎡이하,2018,3,2787
경남, 60㎡초과 85㎡이하,2018,3,2672
경남, 85㎡초과 102㎡이하,2018,3,2857
경남, 102㎡초과,2018,3,2897
제주, 60㎡이하,2018,3,5462
제주, 60㎡초과 85㎡이하,2018,3,3639
제주, 102㎡초과,2018,3,3029
서울, 60㎡이하,2018,4,7196
서울, 60㎡초과 85㎡이하,2018,4,6560
서울, 85㎡초과 102㎡이하,2018,4,7823
서울, 102㎡초과,2018,4,7242
인천, 60㎡이하,2018,4,3754
인천, 60㎡초과 85㎡이하,2018,4,3448
인천, 85㎡초과 102㎡이하,2018,4,3395
인천, 102㎡초과,2018,4,4835
경기, 60㎡이하,2018,4,4256
경기, 60㎡초과 85㎡이하,2018,4,3836
경기, 85㎡초과 102㎡이하,2018,4,4345
경기, 102㎡초과,2018,4,4595
부산, 60㎡이하,2018,4,3654
부산, 60㎡초과 85㎡이하,2018,4,3835
부산, 85㎡초과 102㎡이하,2018,4,3692
부산, 102㎡초과,2018,4,3830
대구, 60㎡이하,2018,4,3607
대구, 60㎡초과 85㎡이하,2018,4,3526
대구, 85㎡초과 102㎡이하,2018,4,3012
대구, 102㎡초과,2018,4,2966
광주, 60㎡이하,2018,4,2776
광주, 60㎡초과 85㎡이하,2018,4,2890
광주, 102㎡초과,2018,4,2453
대전, 60㎡이하,2018,4,2498
대전, 60㎡초과 85㎡이하,2018,4,2977
대전, 85㎡초과 102㎡이하,2018,4,3067
울산, 60㎡초과 85㎡이하,2018,4,3174
세종, 60㎡이하,2018,4,3064
세종, 60㎡초과 85㎡이하,2018,4,3147
세종, 85㎡초과 102㎡이하,2018,4,3138
세종, 102㎡초과,2018,4,3135
강원, 60㎡이하,2018,4,2269
강원, 60㎡초과 85㎡이하,2018,4,2273
강원, 85㎡초과 102㎡이하,2018,4,2830
강원, 102㎡초과,2018,4,2611
충북, 60㎡이하,2018,4,2348
충북, 60㎡초과 85㎡이하,2018,4,2631
충북, 85㎡초과 102㎡이하,2018,4,2671
충북, 102㎡초과,2018,4,2680
충남, 60㎡이하,2018,4,2421
충남, 60㎡초과 85㎡이하,2018,4,2409
충남, 102㎡초과,2018,4,2283
전북, 60㎡이하,2018,4,2602
전북, 60㎡초과 85㎡이하,2018,4,2292
전북, 85㎡초과 102㎡이하,2018,4,2636
전북, 102㎡초과,2018,4,2794
전남, 60㎡이하,2018,4,2228
전남, 60㎡초과 85㎡이하,2018,4,2345
전남, 85㎡초과 102㎡이하,2018,4,2627
전남, 102㎡초과,2018,4,2469
경북, 60㎡이하,2018,4,2471
경북, 60㎡초과 85㎡이하,2018,4,2422
경북, 102㎡초과,2018,4,2788
경남, 60㎡이하,2018,4,2738
경남, 60㎡초과 85㎡이하,2018,4,2669
경남, 85㎡초과 102㎡이하,2018,4,2857
경남, 102㎡초과,2018,4,2862
제주, 60㎡이하,2018,4,5462
제주, 60㎡초과 85㎡이하,2018,4,3639
제주, 102㎡초과,2018,4,3029
서울, 60㎡이하,2018,5,7318
서울, 60㎡초과 85㎡이하,2018,5,6630
서울, 85㎡초과 102㎡이하,2018,5,8098
서울, 102㎡초과,2018,5,7252
인천, 60㎡이하,2018,5,3454
인천, 60㎡초과 85㎡이하,2018,5,3567
인천, 85㎡초과 102㎡이하,2018,5,3470
인천, 102㎡초과,2018,5,4835
경기, 60㎡이하,2018,5,4425
경기, 60㎡초과 85㎡이하,2018,5,3994
경기, 85㎡초과 102㎡이하,2018,5,4445
경기, 102㎡초과,2018,5,4517
부산, 60㎡이하,2018,5,3704
부산, 60㎡초과 85㎡이하,2018,5,3822
부산, 85㎡초과 102㎡이하,2018,5,3705
부산, 102㎡초과,2018,5,3840
대구, 60㎡이하,2018,5,3634
대구, 60㎡초과 85㎡이하,2018,5,3646
대구, 85㎡초과 102㎡이하,2018,5,3012
대구, 102㎡초과,2018,5,4539
광주, 60㎡이하,2018,5,2776
광주, 60㎡초과 85㎡이하,2018,5,2911
광주, 102㎡초과,2018,5,2453
대전, 60㎡이하,2018,5,2498
대전, 60㎡초과 85㎡이하,2018,5,2977
대전, 85㎡초과 102㎡이하,2018,5,3067
울산, 60㎡초과 85㎡이하,2018,5,3174
세종, 60㎡이하,2018,5,3064
세종, 60㎡초과 85㎡이하,2018,5,3147
세종, 85㎡초과 102㎡이하,2018,5,3138
세종, 102㎡초과,2018,5,3135
강원, 60㎡이하,2018,5,2269
강원, 60㎡초과 85㎡이하,2018,5,2280
강원, 85㎡초과 102㎡이하,2018,5,2864
강원, 102㎡초과,2018,5,2631
충북, 60㎡이하,2018,5,2348
충북, 60㎡초과 85㎡이하,2018,5,2636
충북, 85㎡초과 102㎡이하,2018,5,2725
충북, 102㎡초과,2018,5,2683
충남, 60㎡이하,2018,5,2416
충남, 60㎡초과 85㎡이하,2018,5,2465
충남, 102㎡초과,2018,5,2537
전북, 60㎡이하,2018,5,2664
전북, 60㎡초과 85㎡이하,2018,5,2300
전북, 85㎡초과 102㎡이하,2018,5,2636
전북, 102㎡초과,2018,5,2794
전남, 60㎡이하,2018,5,2228
전남, 60㎡초과 85㎡이하,2018,5,2346
전남, 85㎡초과 102㎡이하,2018,5,2627
전남, 102㎡초과,2018,5,2469
경북, 60㎡이하,2018,5,2471
경북, 60㎡초과 85㎡이하,2018,5,2611
경북, 102㎡초과,2018,5,2864
경남, 60㎡이하,2018,5,2738
경남, 60㎡초과 85㎡이하,2018,5,2673
경남, 85㎡초과 102㎡이하,2018,5,2857
경남, 102㎡초과,2018,5,2862
제주, 60㎡이하,2018,5,5462
제주, 60㎡초과 85㎡이하,2018,5,3639
제주, 102㎡초과,2018,5,3029
서울, 60㎡이하,2018,6,7232
서울, 60㎡초과 85㎡이하,2018,6,6739
서울, 85㎡초과 102㎡이하,2018,6,7591
서울, 102㎡초과,2018,6,6905
인천, 60㎡이하,2018,6,3454
인천, 60㎡초과 85㎡이하,2018,6,3537
인천, 85㎡초과 102㎡이하,2018,6,3229
경기, 60㎡이하,2018,6,4501
경기, 60㎡초과 85㎡이하,2018,6,3926
경기, 85㎡초과 102㎡이하,2018,6,4565
경기, 102㎡초과,2018,6,4330
부산, 60㎡이하,2018,6,3737
부산, 60㎡초과 85㎡이하,2018,6,3873
부산, 85㎡초과 102㎡이하,2018,6,3705
부산, 102㎡초과,2018,6,3844
대구, 60㎡이하,2018,6,3669
대구, 60㎡초과 85㎡이하,2018,6,3665
대구, 85㎡초과 102㎡이하,2018,6,3012
대구, 102㎡초과,2018,6,4430
광주, 60㎡이하,2018,6,2776
광주, 60㎡초과 85㎡이하,2018,6,3004
광주, 102㎡초과,2018,6,2453
대전, 60㎡이하,2018,6,2498
대전, 60㎡초과 85㎡이하,2018,6,2977
대전, 85㎡초과 102㎡이하,2018,6,3067
울산, 60㎡초과 85㎡이하,2018,6,3125
세종, 60㎡이하,2018,6,3064
세종, 60㎡초과 85㎡이하,2018,6,3147
세종, 85㎡초과 102㎡이하,2018,6,3138
세종, 102㎡초과,2018,6,3135
강원, 60㎡이하,2018,6,2282
강원, 60㎡초과 85㎡이하,2018,6,2287
강원, 85㎡초과 102㎡이하,2018,6,2864
강원, 102㎡초과,2018,6,2592
충북, 60㎡이하,2018,6,2286
충북, 60㎡초과 85㎡이하,2018,6,2382
충북, 85㎡초과 102㎡이하,2018,6,2725
충북, 102㎡초과,2018,6,2773
충남, 60㎡이하,2018,6,2452
충남, 60㎡초과 85㎡이하,2018,6,2467
충남, 85㎡초과 102㎡이하,2018,6,2657
충남, 102㎡초과,2018,6,2580
전북, 60㎡이하,2018,6,2664
전북, 60㎡초과 85㎡이하,2018,6,2300
전북, 85㎡초과 102㎡이하,2018,6,2636
전북, 102㎡초과,2018,6,2794
전남, 60㎡이하,2018,6,2228
전남, 60㎡초과 85㎡이하,2018,6,2346
전남, 85㎡초과 102㎡이하,2018,6,2627
전남, 102㎡초과,2018,6,2469
경북, 60㎡이하,2018,6,2471
경북, 60㎡초과 85㎡이하,2018,6,2614
경북, 102㎡초과,2018,6,2903
경남, 60㎡이하,2018,6,2744
경남, 60㎡초과 85㎡이하,2018,6,2673
경남, 85㎡초과 102㎡이하,2018,6,2857
경남, 102㎡초과,2018,6,2862
제주, 60㎡이하,2018,6,5462
제주, 60㎡초과 85㎡이하,2018,6,3639
제주, 102㎡초과,2018,6,3029
서울, 60㎡이하,2018,7,7360
서울, 60㎡초과 85㎡이하,2018,7,6910
서울, 85㎡초과 102㎡이하,2018,7,7591
서울, 102㎡초과,2018,7,6914
인천, 60㎡이하,2018,7,3454
인천, 60㎡초과 85㎡이하,2018,7,3537
인천, 85㎡초과 102㎡이하,2018,7,3229
경기, 60㎡이하,2018,7,4578
경기, 60㎡초과 85㎡이하,2018,7,3943
경기, 85㎡초과 102㎡이하,2018,7,4662
경기, 102㎡초과,2018,7,4573
부산, 60㎡이하,2018,7,3734
부산, 60㎡초과 85㎡이하,2018,7,3933
부산, 85㎡초과 102㎡이하,2018,7,4004
부산, 102㎡초과,2018,7,3875
대구, 60㎡이하,2018,7,3722
대구, 60㎡초과 85㎡이하,2018,7,3716
대구, 85㎡초과 102㎡이하,2018,7,3577
대구, 102㎡초과,2018,7,4040
광주, 60㎡이하,2018,7,2776
광주, 60㎡초과 85㎡이하,2018,7,2939
광주, 102㎡초과,2018,7,2453
대전, 60㎡이하,2018,7,2498
대전, 60㎡초과 85㎡이하,2018,7,2946
울산, 60㎡초과 85㎡이하,2018,7,3125
세종, 60㎡이하,2018,7,3064
세종, 60㎡초과 85㎡이하,2018,7,3147
세종, 85㎡초과 102㎡이하,2018,7,3138
세종, 102㎡초과,2018,7,3135
강원, 60㎡이하,2018,7,2284
강원, 60㎡초과 85㎡이하,2018,7,2309
강원, 85㎡초과 102㎡이하,2018,7,2864
강원, 102㎡초과,2018,7,2665
충북, 60㎡이하,2018,7,2286
충북, 60㎡초과 85㎡이하,2018,7,2386
충북, 85㎡초과 102㎡이하,2018,7,2725
충북, 102㎡초과,2018,7,2719
충남, 60㎡이하,2018,7,2452
충남, 60㎡초과 85㎡이하,2018,7,2467
충남, 85㎡초과 102㎡이하,2018,7,2657
충남, 102㎡초과,2018,7,2580
전북, 60㎡이하,2018,7,2655
전북, 60㎡초과 85㎡이하,2018,7,2306
전북, 85㎡초과 102㎡이하,2018,7,2636
전북, 102㎡초과,2018,7,2850
전남, 60㎡이하,2018,7,2228
전남, 60㎡초과 85㎡이하,2018,7,2348
전남, 85㎡초과 102㎡이하,2018,7,2627
전남, 102㎡초과,2018,7,2469
경북, 60㎡이하,2018,7,2471
경북, 60㎡초과 85㎡이하,2018,7,2654
경북, 102㎡초과,2018,7,2903
경남, 60㎡이하,2018,7,2748
경남, 60㎡초과 85㎡이하,2018,7,2673
경남, 85㎡초과 102㎡이하,2018,7,2857
경남, 102㎡초과,2018,7,2839
제주, 60㎡초과 85㎡이하,2018,7,3356
제주, 85㎡초과 102㎡이하,2018,7,3226
제주, 102㎡초과,2018,7,2990
서울, 60㎡이하,2018,8,7117
서울, 60㎡초과 85㎡이하,2018,8,6806
서울, 85㎡초과 102㎡이하,2018,8,6652
서울, 102㎡초과,2018,8,6477
인천, 60㎡이하,2018,8,3456
인천, 60㎡초과 85㎡이하,2018,8,3505
인천, 85㎡초과 102㎡이하,2018,8,3229
경기, 60㎡이하,2018,8,4459
경기, 60㎡초과 85㎡이하,2018,8,4105
경기, 85㎡초과 102㎡이하,2018,8,4877
경기, 102㎡초과,2018,8,4692
부산, 60㎡이하,2018,8,3809
부산, 60㎡초과 85㎡이하,2018,8,3946
부산, 85㎡초과 102㎡이하,2018,8,4004
부산, 102㎡초과,2018,8,3783
대구, 60㎡이하,2018,8,3724
대구, 60㎡초과 85㎡이하,2018,8,3723
대구, 85㎡초과 102㎡이하,2018,8,3577
대구, 102㎡초과,2018,8,4040
광주, 60㎡이하,2018,8,2776
광주, 60㎡초과 85㎡이하,2018,8,2939
광주, 102㎡초과,2018,8,2453
대전, 60㎡이하,2018,8,2498
대전, 60㎡초과 85㎡이하,2018,8,2946
울산, 60㎡초과 85㎡이하,2018,8,3125
세종, 60㎡이하,2018,8,3064
세종, 60㎡초과 85㎡이하,2018,8,3147
세종, 85㎡초과 102㎡이하,2018,8,3138
세종, 102㎡초과,2018,8,3220
강원, 60㎡이하,2018,8,2401
강원, 60㎡초과 85㎡이하,2018,8,2323
강원, 85㎡초과 102㎡이하,2018,8,2864
강원, 102㎡초과,2018,8,2665
충북, 60㎡이하,2018,8,2286
충북, 60㎡초과 85㎡이하,2018,8,2386
충북, 85㎡초과 102㎡이하,2018,8,2725
충북, 102㎡초과,2018,8,2719
충남, 60㎡이하,2018,8,2491
충남, 60㎡초과 85㎡이하,2018,8,2451
충남, 85㎡초과 102㎡이하,2018,8,2657
충남, 102㎡초과,2018,8,2729
전북, 60㎡이하,2018,8,2655
전북, 60㎡초과 85㎡이하,2018,8,2285
전북, 85㎡초과 102㎡이하,2018,8,2636
전북, 102㎡초과,2018,8,2850
전남, 60㎡이하,2018,8,2228
전남, 60㎡초과 85㎡이하,2018,8,2348
전남, 85㎡초과 102㎡이하,2018,8,2627
전남, 102㎡초과,2018,8,2469
경북, 60㎡이하,2018,8,2477
경북, 60㎡초과 85㎡이하,2018,8,2610
경북, 102㎡초과,2018,8,2810
경남, 60㎡이하,2018,8,2786
경남, 60㎡초과 85㎡이하,2018,8,2630
경남, 85㎡초과 102㎡이하,2018,8,2857
경남, 102㎡초과,2018,8,2745
제주, 60㎡초과 85㎡이하,2018,8,3356
제주, 85㎡초과 102㎡이하,2018,8,3226
제주, 102㎡초과,2018,8,2990
서울, 60㎡이하,2018,9,6631
서울, 60㎡초과 85㎡이하,2018,9,7183
서울, 85㎡초과 102㎡이하,2018,9,5061
서울, 102㎡초과,2018,9,6538
인천, 60㎡이하,2018,9,3456
인천, 60㎡초과 85㎡이하,2018,9,3505
인천, 85㎡초과 102㎡이하,2018,9,3229
경기, 60㎡이하,2018,9,4384
경기, 60㎡초과 85㎡이하,2018,9,4122
경기, 85㎡초과 102㎡이하,2018,9,4874
경기, 102㎡초과,2018,9,4696
부산, 60㎡이하,2018,9,3863
부산, 60㎡초과 85㎡이하,2018,9,4073
부산, 85㎡초과 102㎡이하,2018,9,4456
부산, 102㎡초과,2018,9,4173
대구, 60㎡이하,2018,9,3756
대구, 60㎡초과 85㎡이하,2018,9,3746
대구, 85㎡초과 102㎡이하,2018,9,3698
대구, 102㎡초과,2018,9,3961
광주, 60㎡이하,2018,9,2776
광주, 60㎡초과 85㎡이하,2018,9,2931
광주, 102㎡초과,2018,9,2655
대전, 60㎡이하,2018,9,2498
대전, 60㎡초과 85㎡이하,2018,9,3366
대전, 102㎡초과,2018,9,4877
울산, 60㎡초과 85㎡이하,2018,9,3125
세종, 60㎡이하,2018,9,3064
세종, 60㎡초과 85㎡이하,2018,9,3147
세종, 85㎡초과 102㎡이하,2018,9,3138
세종, 102㎡초과,2018,9,3220
강원, 60㎡이하,2018,9,2405
강원, 60㎡초과 85㎡이하,2018,9,2327
강원, 85㎡초과 102㎡이하,2018,9,2864
강원, 102㎡초과,2018,9,2665
충북, 60㎡이하,2018,9,2286
충북, 60㎡초과 85㎡이하,2018,9,2380
충북, 85㎡초과 102㎡이하,2018,9,2725
충북, 102㎡초과,2018,9,2719
충남, 60㎡이하,2018,9,2491
충남, 60㎡초과 85㎡이하,2018,9,2451
충남, 85㎡초과 102㎡이하,2018,9,2657
충남, 102㎡초과,2018,9,2729
전북, 60㎡이하,2018,9,2655
전북, 60㎡초과 85㎡이하,2018,9,2285
전북, 85㎡초과 102㎡이하,2018,9,2636
전북, 102㎡초과,2018,9,2850
전남, 60㎡이하,2018,9,2228
전남, 60㎡초과 85㎡이하,2018,9,2348
전남, 85㎡초과 102㎡이하,2018,9,2627
전남, 102㎡초과,2018,9,2519
경북, 60㎡이하,2018,9,2509
경북, 60㎡초과 85㎡이하,2018,9,2647
경북, 85㎡초과 102㎡이하,2018,9,2550
경북, 102㎡초과,2018,9,2828
경남, 60㎡이하,2018,9,2905
경남, 60㎡초과 85㎡이하,2018,9,2716
경남, 85㎡초과 102㎡이하,2018,9,2857
경남, 102㎡초과,2018,9,2987
제주, 60㎡초과 85㎡이하,2018,9,3356
제주, 85㎡초과 102㎡이하,2018,9,3226
제주, 102㎡초과,2018,9,2990
서울, 60㎡이하,2018,10,6806
서울, 60㎡초과 85㎡이하,2018,10,7629
서울, 85㎡초과 102㎡이하,2018,10,6842
서울, 102㎡초과,2018,10,7373
인천, 60㎡이하,2018,10,3422
인천, 60㎡초과 85㎡이하,2018,10,3630
인천, 85㎡초과 102㎡이하,2018,10,3391
인천, 102㎡초과,2018,10,2890
경기, 60㎡이하,2018,10,4365
경기, 60㎡초과 85㎡이하,2018,10,4169
경기, 85㎡초과 102㎡이하,2018,10,4874
경기, 102㎡초과,2018,10,4647
부산, 60㎡이하,2018,10,3846
부산, 60㎡초과 85㎡이하,2018,10,4018
부산, 85㎡초과 102㎡이하,2018,10,4349
부산, 102㎡초과,2018,10,4434
대구, 60㎡이하,2018,10,3756
대구, 60㎡초과 85㎡이하,2018,10,3803
대구, 85㎡초과 102㎡이하,2018,10,3698
대구, 102㎡초과,2018,10,4138
광주, 60㎡이하,2018,10,3264
광주, 60㎡초과 85㎡이하,2018,10,3045
대전, 60㎡이하,2018,10,2498
대전, 60㎡초과 85㎡이하,2018,10,3342
대전, 102㎡초과,2018,10,4877
울산, 60㎡초과 85㎡이하,2018,10,2890
세종, 60㎡이하,2018,10,3064
세종, 60㎡초과 85㎡이하,2018,10,3147
세종, 85㎡초과 102㎡이하,2018,10,3138
세종, 102㎡초과,2018,10,3220
강원, 60㎡이하,2018,10,2423
강원, 60㎡초과 85㎡이하,2018,10,2358
강원, 85㎡초과 102㎡이하,2018,10,2864
강원, 102㎡초과,2018,10,2665
충북, 60㎡이하,2018,10,2286
충북, 60㎡초과 85㎡이하,2018,10,2380
충북, 85㎡초과 102㎡이하,2018,10,2725
충북, 102㎡초과,2018,10,2719
충남, 60㎡이하,2018,10,2491
충남, 60㎡초과 85㎡이하,2018,10,2451
충남, 85㎡초과 102㎡이하,2018,10,2657
충남, 102㎡초과,2018,10,2729
전북, 60㎡이하,2018,10,2666
전북, 60㎡초과 85㎡이하,2018,10,2301
전북, 85㎡초과 102㎡이하,2018,10,2636
전북, 102㎡초과,2018,10,2627
전남, 60㎡이하,2018,10,2240
전남, 60㎡초과 85㎡이하,2018,10,2354
전남, 85㎡초과 102㎡이하,2018,10,2627
전남, 102㎡초과,2018,10,2519
경북, 60㎡이하,2018,10,2509
경북, 60㎡초과 85㎡이하,2018,10,2620
경북, 85㎡초과 102㎡이하,2018,10,2699
경북, 102㎡초과,2018,10,2948
경남, 60㎡이하,2018,10,2905
경남, 60㎡초과 85㎡이하,2018,10,2769
경남, 85㎡초과 102㎡이하,2018,10,3015
경남, 102㎡초과,2018,10,2987
제주, 60㎡초과 85㎡이하,2018,10,3356
제주, 85㎡초과 102㎡이하,2018,10,3226
제주, 102㎡초과,2018,10,2990
서울, 60㎡이하,2018,11,7017
서울, 60㎡초과 85㎡이하,2018,11,7620
서울, 85㎡초과 102㎡이하,2018,11,6842
서울, 102㎡초과,2018,11,7351
인천, 60㎡이하,2018,11,3437
인천, 60㎡초과 85㎡이하,2018,11,3725
인천, 85㎡초과 102㎡이하,2018,11,3492
인천, 102㎡초과,2018,11,4455
경기, 60㎡이하,2018,11,4331
경기, 60㎡초과 85㎡이하,2018,11,4175
경기, 85㎡초과 102㎡이하,2018,11,5068
경기, 102㎡초과,2018,11,4627
부산, 60㎡이하,2018,11,3778
부산, 60㎡초과 85㎡이하,2018,11,4036
부산, 85㎡초과 102㎡이하,2018,11,4066
부산, 102㎡초과,2018,11,4293
대구, 60㎡이하,2018,11,3808
대구, 60㎡초과 85㎡이하,2018,11,3826
대구, 85㎡초과 102㎡이하,2018,11,3698
대구, 102㎡초과,2018,11,3949
광주, 60㎡이하,2018,11,3264
광주, 60㎡초과 85㎡이하,2018,11,3201
대전, 60㎡이하,2018,11,2498
대전, 60㎡초과 85㎡이하,2018,11,3342
대전, 102㎡초과,2018,11,4877
울산, 60㎡초과 85㎡이하,2018,11,2890
세종, 60㎡이하,2018,11,3064
세종, 60㎡초과 85㎡이하,2018,11,3147
세종, 85㎡초과 102㎡이하,2018,11,3138
세종, 102㎡초과,2018,11,3220
강원, 60㎡이하,2018,11,2452
강원, 60㎡초과 85㎡이하,2018,11,2380
강원, 85㎡초과 102㎡이하,2018,11,2865
강원, 102㎡초과,2018,11,2528
충북, 60㎡이하,2018,11,2261
충북, 60㎡초과 85㎡이하,2018,11,2383
충북, 85㎡초과 102㎡이하,2018,11,2725
충북, 102㎡초과,2018,11,2689
충남, 60㎡이하,2018,11,2408
충남, 60㎡초과 85㎡이하,2018,11,2412
충남, 85㎡초과 102㎡이하,2018,11,2657
충남, 102㎡초과,2018,11,2729
전북, 60㎡이하,2018,11,2666
전북, 60㎡초과 85㎡이하,2018,11,2326
전북, 85㎡초과 102㎡이하,2018,11,2636
전북, 102㎡초과,2018,11,2593
전남, 60㎡이하,2018,11,2276
전남, 60㎡초과 85㎡이하,2018,11,2332
전남, 85㎡초과 102㎡이하,2018,11,2482
전남, 102㎡초과,2018,11,2502
경북, 60㎡이하,2018,11,2548
경북, 60㎡초과 85㎡이하,2018,11,2680
경북, 85㎡초과 102㎡이하,2018,11,2699
경북, 102㎡초과,2018,11,2884
경남, 60㎡이하,2018,11,2887
경남, 60㎡초과 85㎡이하,2018,11,2781
경남, 85㎡초과 102㎡이하,2018,11,3173
경남, 102㎡초과,2018,11,2990
제주, 60㎡이하,2018,11,3804
제주, 60㎡초과 85㎡이하,2018,11,3341
제주, 85㎡초과 102㎡이하,2018,11,3226
제주, 102㎡초과,2018,11,2990
서울, 60㎡이하,2018,12,7398
서울, 60㎡초과 85㎡이하,2018,12,7890
서울, 85㎡초과 102㎡이하,2018,12,6842
서울, 102㎡초과,2018,12,7545
인천, 60㎡이하,2018,12,3403
인천, 60㎡초과 85㎡이하,2018,12,3731
인천, 85㎡초과 102㎡이하,2018,12,3492
인천, 102㎡초과,2018,12,4455
경기, 60㎡이하,2018,12,4439
경기, 60㎡초과 85㎡이하,2018,12,4130
경기, 85㎡초과 102㎡이하,2018,12,4888
경기, 102㎡초과,2018,12,4925
부산, 60㎡이하,2018,12,3778
부산, 60㎡초과 85㎡이하,2018,12,4064
부산, 85㎡초과 102㎡이하,2018,12,4066
부산, 102㎡초과,2018,12,4293
대구, 60㎡이하,2018,12,3909
대구, 60㎡초과 85㎡이하,2018,12,3918
대구, 85㎡초과 102㎡이하,2018,12,3698
대구, 102㎡초과,2018,12,4019
광주, 60㎡이하,2018,12,3207
광주, 60㎡초과 85㎡이하,2018,12,3282
대전, 60㎡초과 85㎡이하,2018,12,3632
대전, 102㎡초과,2018,12,4877
세종, 60㎡이하,2018,12,3064
세종, 60㎡초과 85㎡이하,2018,12,3063
세종, 85㎡초과 102㎡이하,2018,12,3155
세종, 102㎡초과,2018,12,2990
강원, 60㎡이하,2018,12,2452
강원, 60㎡초과 85㎡이하,2018,12,2319
강원, 85㎡초과 102㎡이하,2018,12,2865
강원, 102㎡초과,2018,12,2387
충북, 60㎡이하,2018,12,2261
충북, 60㎡초과 85㎡이하,2018,12,2383
충북, 85㎡초과 102㎡이하,2018,12,2725
충북, 102㎡초과,2018,12,2689
충남, 60㎡이하,2018,12,2408
충남, 60㎡초과 85㎡이하,2018,12,2394
충남, 85㎡초과 102㎡이하,2018,12,2657
충남, 102㎡초과,2018,12,2729
전북, 60㎡이하,2018,12,2666
전북, 60㎡초과 85㎡이하,2018,12,2365
전북, 85㎡초과 102㎡이하,2018,12,3052
전북, 102㎡초과,2018,12,2651
전남, 60㎡이하,2018,12,2152
전남, 60㎡초과 85㎡이하,2018,12,2381
전남, 85㎡초과 102㎡이하,2018,12,2482
전남, 102㎡초과,2018,12,2633
경북, 60㎡이하,2018,12,2548
경북, 60㎡초과 85㎡이하,2018,12,2680
경북, 85㎡초과 102㎡이하,2018,12,2699
경북, 102㎡초과,2018,12,2884
경남, 60㎡이하,2018,12,2887
경남, 60㎡초과 85㎡이하,2018,12,2914
경남, 85㎡초과 102㎡이하,2018,12,3173
경남, 102㎡초과,2018,12,3703
제주, 60㎡이하,2018,12,3804
제주, 60㎡초과 85㎡이하,2018,12,3504
제주, 85㎡초과 102㎡이하,2018,12,3226
제주, 102㎡초과,2018,12,2952
서울, 60㎡이하,2019,1,7400
서울, 60㎡초과 85㎡이하,2019,1,8105
서울, 85㎡초과 102㎡이하,2019,1,6842
서울, 102㎡초과,2019,1,7787
인천, 60㎡이하,2019,1,3461
인천, 60㎡초과 85㎡이하,2019,1,3766
인천, 85㎡초과 102㎡이하,2019,1,3492
인천, 102㎡초과,2019,1,4455
경기, 60㎡이하,2019,1,4440
경기, 60㎡초과 85㎡이하,2019,1,4216
경기, 85㎡초과 102㎡이하,2019,1,4905
경기, 102㎡초과,2019,1,4931
부산, 60㎡이하,2019,1,3778
부산, 60㎡초과 85㎡이하,2019,1,4064
부산, 85㎡초과 102㎡이하,2019,1,4066
부산, 102㎡초과,2019,1,4293
대구, 60㎡이하,2019,1,3977
대구, 60㎡초과 85㎡이하,2019,1,3967
대구, 85㎡초과 102㎡이하,2019,1,4019
대구, 102㎡초과,2019,1,4067
광주, 60㎡이하,2019,1,3207
광주, 60㎡초과 85㎡이하,2019,1,3313
대전, 60㎡초과 85㎡이하,2019,1,3677
대전, 102㎡초과,2019,1,4877
세종, 60㎡이하,2019,1,3064
세종, 60㎡초과 85㎡이하,2019,1,3063
세종, 85㎡초과 102㎡이하,2019,1,3155
세종, 102㎡초과,2019,1,2990
강원, 60㎡이하,2019,1,2525
강원, 60㎡초과 85㎡이하,2019,1,2347
강원, 85㎡초과 102㎡이하,2019,1,3068
강원, 102㎡초과,2019,1,2319
충북, 60㎡이하,2019,1,2261
충북, 60㎡초과 85㎡이하,2019,1,2383
충북, 85㎡초과 102㎡이하,2019,1,2725
충북, 102㎡초과,2019,1,2689
충남, 60㎡이하,2019,1,2487
충남, 60㎡초과 85㎡이하,2019,1,2437
충남, 85㎡초과 102㎡이하,2019,1,2657
충남, 102㎡초과,2019,1,2729
전북, 60㎡이하,2019,1,2666
전북, 60㎡초과 85㎡이하,2019,1,2365
전북, 85㎡초과 102㎡이하,2019,1,3052
전북, 102㎡초과,2019,1,2651
전남, 60㎡이하,2019,1,2152
전남, 60㎡초과 85㎡이하,2019,1,2405
전남, 85㎡초과 102㎡이하,2019,1,2337
전남, 102㎡초과,2019,1,2664
경북, 60㎡이하,2019,1,2486
경북, 60㎡초과 85㎡이하,2019,1,2626
경북, 85㎡초과 102㎡이하,2019,1,2667
경북, 102㎡초과,2019,1,2905
경남, 60㎡이하,2019,1,2887
경남, 60㎡초과 85㎡이하,2019,1,2914
경남, 85㎡초과 102㎡이하,2019,1,3173
경남, 102㎡초과,2019,1,3703
제주, 60㎡이하,2019,1,3804
제주, 60㎡초과 85㎡이하,2019,1,3504
제주, 85㎡초과 102㎡이하,2019,1,3226
제주, 102㎡초과,2019,1,2952
서울, 60㎡이하,2019,2,7654
서울, 60㎡초과 85㎡이하,2019,2,8141
서울, 85㎡초과 102㎡이하,2019,2,6842
서울, 102㎡초과,2019,2,7328
인천, 60㎡이하,2019,2,3455
인천, 60㎡초과 85㎡이하,2019,2,3779
인천, 85㎡초과 102㎡이하,2019,2,3492
인천, 102㎡초과,2019,2,4835
경기, 60㎡이하,2019,2,4444
경기, 60㎡초과 85㎡이하,2019,2,4216
경기, 85㎡초과 102㎡이하,2019,2,5018
경기, 102㎡초과,2019,2,4945
부산, 60㎡이하,2019,2,3778
부산, 60㎡초과 85㎡이하,2019,2,4064
부산, 85㎡초과 102㎡이하,2019,2,4066
부산, 102㎡초과,2019,2,4293
대구, 60㎡이하,2019,2,3977
대구, 60㎡초과 85㎡이하,2019,2,3971
대구, 85㎡초과 102㎡이하,2019,2,4019
대구, 102㎡초과,2019,2,4067
광주, 60㎡이하,2019,2,3207
광주, 60㎡초과 85㎡이하,2019,2,3313
대전, 60㎡초과 85㎡이하,2019,2,3677
대전, 102㎡초과,2019,2,4877
세종, 60㎡이하,2019,2,3064
세종, 60㎡초과 85㎡이하,2019,2,3063
세종, 85㎡초과 102㎡이하,2019,2,3155
세종, 102㎡초과,2019,2,2990
강원, 60㎡이하,2019,2,2525
강원, 60㎡초과 85㎡이하,2019,2,2347
강원, 85㎡초과 102㎡이하,2019,2,3068
강원, 102㎡초과,2019,2,2319
충북, 60㎡이하,2019,2,2158
충북, 60㎡초과 85㎡이하,2019,2,2298
충북, 85㎡초과 102㎡이하,2019,2,2725
충북, 102㎡초과,2019,2,2689
충남, 60㎡이하,2019,2,2487
충남, 60㎡초과 85㎡이하,2019,2,2550
충남, 85㎡초과 102㎡이하,2019,2,2657
충남, 102㎡초과,2019,2,2729
전북, 60㎡이하,2019,2,2666
전북, 60㎡초과 85㎡이하,2019,2,2372
전북, 85㎡초과 102㎡이하,2019,2,3052
전북, 102㎡초과,2019,2,2753
전남, 60㎡이하,2019,2,2274
전남, 60㎡초과 85㎡이하,2019,2,2404
전남, 85㎡초과 102㎡이하,2019,2,2337
전남, 102㎡초과,2019,2,2887
경북, 60㎡이하,2019,2,2486
경북, 60㎡초과 85㎡이하,2019,2,2636
경북, 85㎡초과 102㎡이하,2019,2,2667
경북, 102㎡초과,2019,2,2989
경남, 60㎡이하,2019,2,2887
경남, 60㎡초과 85㎡이하,2019,2,2909
경남, 85㎡초과 102㎡이하,2019,2,3173
경남, 102㎡초과,2019,2,3703
제주, 60㎡이하,2019,2,3804
제주, 60㎡초과 85㎡이하,2019,2,3504
제주, 85㎡초과 102㎡이하,2019,2,3226
제주, 102㎡초과,2019,2,2952
서울, 60㎡이하,2019,3,7750
서울, 60㎡초과 85㎡이하,2019,3,8191
서울, 85㎡초과 102㎡이하,2019,3,6842
서울, 102㎡초과,2019,3,7206
인천, 60㎡이하,2019,3,3415
인천, 60㎡초과 85㎡이하,2019,3,3907
인천, 85㎡초과 102㎡이하,2019,3,3773
인천, 102㎡초과,2019,3,4808
경기, 60㎡이하,2019,3,4200
경기, 60㎡초과 85㎡이하,2019,3,4376
경기, 85㎡초과 102㎡이하,2019,3,4621
경기, 102㎡초과,2019,3,5130
부산, 60㎡이하,2019,3,3857
부산, 60㎡초과 85㎡이하,2019,3,4059
부산, 85㎡초과 102㎡이하,2019,3,4066
부산, 102㎡초과,2019,3,4344
대구, 60㎡이하,2019,3,3977
대구, 60㎡초과 85㎡이하,2019,3,3956
대구, 85㎡초과 102㎡이하,2019,3,4019
대구, 102㎡초과,2019,3,4067
광주, 60㎡이하,2019,3,3207
광주, 60㎡초과 85㎡이하,2019,3,3313
대전, 60㎡초과 85㎡이하,2019,3,3603
대전, 102㎡초과,2019,3,4505
세종, 60㎡이하,2019,3,3064
세종, 60㎡초과 85㎡이하,2019,3,3063
세종, 85㎡초과 102㎡이하,2019,3,3155
세종, 102㎡초과,2019,3,2990
강원, 60㎡이하,2019,3,2574
강원, 60㎡초과 85㎡이하,2019,3,2394
강원, 85㎡초과 102㎡이하,2019,3,3022
강원, 102㎡초과,2019,3,2311
충북, 60㎡이하,2019,3,2158
충북, 60㎡초과 85㎡이하,2019,3,2301
충북, 85㎡초과 102㎡이하,2019,3,2789
충북, 102㎡초과,2019,3,2696
충남, 60㎡이하,2019,3,2561
충남, 60㎡초과 85㎡이하,2019,3,2569
충남, 85㎡초과 102㎡이하,2019,3,2657
충남, 102㎡초과,2019,3,2729
전북, 60㎡이하,2019,3,2666
전북, 60㎡초과 85㎡이하,2019,3,2435
전북, 85㎡초과 102㎡이하,2019,3,3052
전북, 102㎡초과,2019,3,2753
전남, 60㎡이하,2019,3,2241
전남, 60㎡초과 85㎡이하,2019,3,2383
전남, 85㎡초과 102㎡이하,2019,3,2337
전남, 102㎡초과,2019,3,2887
경북, 60㎡이하,2019,3,2486
경북, 60㎡초과 85㎡이하,2019,3,2636
경북, 85㎡초과 102㎡이하,2019,3,2667
경북, 102㎡초과,2019,3,3098
경남, 60㎡이하,2019,3,2776
경남, 60㎡초과 85㎡이하,2019,3,2855
경남, 85㎡초과 102㎡이하,2019,3,3173
경남, 102㎡초과,2019,3,4303
제주, 60㎡이하,2019,3,3804
제주, 60㎡초과 85㎡이하,2019,3,3504
제주, 85㎡초과 102㎡이하,2019,3,3226
제주, 102㎡초과,2019,3,2952
서울, 60㎡이하,2019,4,7894
서울, 60㎡초과 85㎡이하,2019,4,8272
서울, 85㎡초과 102㎡이하,2019,4,6842
서울, 102㎡초과,2019,4,7683
인천, 60㎡이하,2019,4,3415
인천, 60㎡초과 85㎡이하,2019,4,3907
인천, 85㎡초과 102㎡이하,2019,4,3773
인천, 102㎡초과,2019,4,4808
경기, 60㎡이하,2019,4,4185
경기, 60㎡초과 85㎡이하,2019,4,4385
경기, 85㎡초과 102㎡이하,2019,4,4657
경기, 102㎡초과,2019,4,5332
부산, 60㎡이하,2019,4,3857
부산, 60㎡초과 85㎡이하,2019,4,3917
부산, 85㎡초과 102㎡이하,2019,4,4066
부산, 102㎡초과,2019,4,4344
대구, 60㎡이하,2019,4,3989
대구, 60㎡초과 85㎡이하,2019,4,4001
대구, 85㎡초과 102㎡이하,2019,4,4522
대구, 102㎡초과,2019,4,4087
광주, 60㎡이하,2019,4,3226
광주, 60㎡초과 85㎡이하,2019,4,3314
대전, 60㎡초과 85㎡이하,2019,4,3575
대전, 102㎡초과,2019,4,4505
세종, 60㎡초과 85㎡이하,2019,4,3395
세종, 85㎡초과 102㎡이하,2019,4,3510
세종, 102㎡초과,2019,4,3931
강원, 60㎡이하,2019,4,2523
강원, 60㎡초과 85㎡이하,2019,4,2522
강원, 85㎡초과 102㎡이하,2019,4,3022
강원, 102㎡초과,2019,4,2628
충북, 60㎡이하,2019,4,2158
충북, 60㎡초과 85㎡이하,2019,4,2313
충북, 85㎡초과 102㎡이하,2019,4,2789
충북, 102㎡초과,2019,4,2696
충남, 60㎡이하,2019,4,2596
충남, 60㎡초과 85㎡이하,2019,4,2576
충남, 85㎡초과 102㎡이하,2019,4,2657
충남, 102㎡초과,2019,4,2729
전북, 60㎡이하,2019,4,2404
전북, 60㎡초과 85㎡이하,2019,4,2394
전북, 85㎡초과 102㎡이하,2019,4,2724
전북, 102㎡초과,2019,4,2634
전남, 60㎡이하,2019,4,2241
전남, 60㎡초과 85㎡이하,2019,4,2308
전남, 85㎡초과 102㎡이하,2019,4,2337
전남, 102㎡초과,2019,4,2954
경북, 60㎡이하,2019,4,2472
경북, 60㎡초과 85㎡이하,2019,4,2608
경북, 85㎡초과 102㎡이하,2019,4,2667
경북, 102㎡초과,2019,4,3098
경남, 60㎡이하,2019,4,2937
경남, 60㎡초과 85㎡이하,2019,4,2820
경남, 85㎡초과 102㎡이하,2019,4,3173
경남, 102㎡초과,2019,4,4303
제주, 60㎡이하,2019,4,3804
제주, 60㎡초과 85㎡이하,2019,4,3475
제주, 85㎡초과 102㎡이하,2019,4,3226
제주, 102㎡초과,2019,4,3269
서울, 60㎡이하,2019,5,8104
서울, 60㎡초과 85㎡이하,2019,5,8336
서울, 85㎡초과 102㎡이하,2019,5,6842
서울, 102㎡초과,2019,5,7831
인천, 60㎡이하,2019,5,3729
인천, 60㎡초과 85㎡이하,2019,5,3923
인천, 85㎡초과 102㎡이하,2019,5,3773
인천, 102㎡초과,2019,5,4808
경기, 60㎡이하,2019,5,4465
경기, 60㎡초과 85㎡이하,2019,5,4288
경기, 85㎡초과 102㎡이하,2019,5,5051
경기, 102㎡초과,2019,5,5670
부산, 60㎡이하,2019,5,3789
부산, 60㎡초과 85㎡이하,2019,5,3920
부산, 85㎡초과 102㎡이하,2019,5,4583
부산, 102㎡초과,2019,5,4623
대구, 60㎡이하,2019,5,4038
대구, 60㎡초과 85㎡이하,2019,5,4088
대구, 85㎡초과 102㎡이하,2019,5,4127
대구, 102㎡초과,2019,5,4434
광주, 60㎡이하,2019,5,3226
광주, 60㎡초과 85㎡이하,2019,5,3513
광주, 102㎡초과,2019,5,4881
대전, 60㎡초과 85㎡이하,2019,5,3575
대전, 102㎡초과,2019,5,4505
세종, 60㎡초과 85㎡이하,2019,5,3395
세종, 85㎡초과 102㎡이하,2019,5,3510
세종, 102㎡초과,2019,5,3931
강원, 60㎡이하,2019,5,2523
강원, 60㎡초과 85㎡이하,2019,5,2489
강원, 85㎡초과 102㎡이하,2019,5,3329
강원, 102㎡초과,2019,5,2574
충북, 60㎡이하,2019,5,2158
충북, 60㎡초과 85㎡이하,2019,5,2314
충북, 85㎡초과 102㎡이하,2019,5,2576
충북, 102㎡초과,2019,5,2673
충남, 60㎡이하,2019,5,2569
충남, 60㎡초과 85㎡이하,2019,5,2662
충남, 85㎡초과 102㎡이하,2019,5,2657
충남, 102㎡초과,2019,5,2667
전북, 60㎡이하,2019,5,2397
전북, 60㎡초과 85㎡이하,2019,5,2465
전북, 85㎡초과 102㎡이하,2019,5,2724
전북, 102㎡초과,2019,5,2634
전남, 60㎡이하,2019,5,2241
전남, 60㎡초과 85㎡이하,2019,5,2266
전남, 85㎡초과 102㎡이하,2019,5,2337
전남, 102㎡초과,2019,5,2954
경북, 60㎡이하,2019,5,2472
경북, 60㎡초과 85㎡이하,2019,5,2522
경북, 85㎡초과 102㎡이하,2019,5,2667
경북, 102㎡초과,2019,5,3076
경남, 60㎡이하,2019,5,2937
경남, 60㎡초과 85㎡이하,2019,5,2925
경남, 85㎡초과 102㎡이하,2019,5,3211
경남, 102㎡초과,2019,5,4303
제주, 60㎡이하,2019,5,3804
제주, 60㎡초과 85㎡이하,2019,5,3475
제주, 85㎡초과 102㎡이하,2019,5,3226
제주, 102㎡초과,2019,5,3269
서울, 60㎡이하,2019,6,8281
서울, 60㎡초과 85㎡이하,2019,6,8588
서울, 85㎡초과 102㎡이하,2019,6,12728
서울, 102㎡초과,2019,6,8430
인천, 60㎡이하,2019,6,3822
인천, 60㎡초과 85㎡이하,2019,6,3919
인천, 85㎡초과 102㎡이하,2019,6,3773
인천, 102㎡초과,2019,6,4808
경기, 60㎡이하,2019,6,4611
경기, 60㎡초과 85㎡이하,2019,6,4551
경기, 85㎡초과 102㎡이하,2019,6,5264
경기, 102㎡초과,2019,6,5669
부산, 60㎡이하,2019,6,3826
부산, 60㎡초과 85㎡이하,2019,6,3909
부산, 85㎡초과 102㎡이하,2019,6,4323
부산, 102㎡초과,2019,6,4571
대구, 60㎡이하,2019,6,4080
대구, 60㎡초과 85㎡이하,2019,6,4144
대구, 85㎡초과 102㎡이하,2019,6,4127
대구, 102㎡초과,2019,6,4458
광주, 60㎡이하,2019,6,3226
광주, 60㎡초과 85㎡이하,2019,6,3589
광주, 102㎡초과,2019,6,4374
대전, 60㎡이하,2019,6,3334
대전, 60㎡초과 85㎡이하,2019,6,3470
대전, 102㎡초과,2019,6,4505
세종, 60㎡초과 85㎡이하,2019,6,3395
세종, 85㎡초과 102㎡이하,2019,6,3510
세종, 102㎡초과,2019,6,3931
강원, 60㎡이하,2019,6,2540
강원, 60㎡초과 85㎡이하,2019,6,2500
강원, 85㎡초과 102㎡이하,2019,6,3329
강원, 102㎡초과,2019,6,2574
충북, 60㎡이하,2019,6,2149
충북, 60㎡초과 85㎡이하,2019,6,2359
충북, 85㎡초과 102㎡이하,2019,6,2576
충북, 102㎡초과,2019,6,2673
충남, 60㎡이하,2019,6,2507
충남, 60㎡초과 85㎡이하,2019,6,2600
전북, 60㎡이하,2019,6,2397
전북, 60㎡초과 85㎡이하,2019,6,2465
전북, 85㎡초과 102㎡이하,2019,6,2724
전북, 102㎡초과,2019,6,2634
전남, 60㎡이하,2019,6,2241
전남, 60㎡초과 85㎡이하,2019,6,2316
전남, 85㎡초과 102㎡이하,2019,6,2337
전남, 102㎡초과,2019,6,2881
경북, 60㎡이하,2019,6,2472
경북, 60㎡초과 85㎡이하,2019,6,2522
경북, 85㎡초과 102㎡이하,2019,6,2667
경북, 102㎡초과,2019,6,3076
경남, 60㎡이하,2019,6,2937
경남, 60㎡초과 85㎡이하,2019,6,2954
경남, 85㎡초과 102㎡이하,2019,6,3211
경남, 102㎡초과,2019,6,4303
제주, 60㎡이하,2019,6,3804
제주, 60㎡초과 85㎡이하,2019,6,3791
제주, 85㎡초과 102㎡이하,2019,6,3226
제주, 102㎡초과,2019,6,3269
서울, 60㎡이하,2019,7,8231
서울, 60㎡초과 85㎡이하,2019,7,8506
서울, 85㎡초과 102㎡이하,2019,7,12728
서울, 102㎡초과,2019,7,8430
인천, 60㎡이하,2019,7,3822
인천, 60㎡초과 85㎡이하,2019,7,3919
인천, 85㎡초과 102㎡이하,2019,7,3773
인천, 102㎡초과,2019,7,4808
경기, 60㎡이하,2019,7,4422
경기, 60㎡초과 85㎡이하,2019,7,4281
경기, 85㎡초과 102㎡이하,2019,7,5264
경기, 102㎡초과,2019,7,5529
부산, 60㎡이하,2019,7,3788
부산, 60㎡초과 85㎡이하,2019,7,3872
부산, 85㎡초과 102㎡이하,2019,7,4323
부산, 102㎡초과,2019,7,4558
대구, 60㎡이하,2019,7,4191
대구, 60㎡초과 85㎡이하,2019,7,4269
대구, 85㎡초과 102㎡이하,2019,7,4120
대구, 102㎡초과,2019,7,4824
광주, 60㎡이하,2019,7,3292
광주, 60㎡초과 85㎡이하,2019,7,3750
광주, 102㎡초과,2019,7,4159
대전, 60㎡이하,2019,7,3416
대전, 60㎡초과 85㎡이하,2019,7,3467
대전, 102㎡초과,2019,7,4505
세종, 60㎡초과 85㎡이하,2019,7,3395
세종, 85㎡초과 102㎡이하,2019,7,3510
세종, 102㎡초과,2019,7,3931
강원, 60㎡이하,2019,7,2550
강원, 60㎡초과 85㎡이하,2019,7,2475
강원, 85㎡초과 102㎡이하,2019,7,3329
강원, 102㎡초과,2019,7,2823
충북, 60㎡이하,2019,7,2149
충북, 60㎡초과 85㎡이하,2019,7,2316
충북, 85㎡초과 102㎡이하,2019,7,2576
충북, 102㎡초과,2019,7,2532
충남, 60㎡이하,2019,7,2545
충남, 60㎡초과 85㎡이하,2019,7,2683
충남, 102㎡초과,2019,7,2839
전북, 60㎡이하,2019,7,2348
전북, 60㎡초과 85㎡이하,2019,7,2487
전북, 85㎡초과 102㎡이하,2019,7,2724
전북, 102㎡초과,2019,7,2698
전남, 60㎡이하,2019,7,2365
전남, 60㎡초과 85㎡이하,2019,7,2339
전남, 85㎡초과 102㎡이하,2019,7,2337
전남, 102㎡초과,2019,7,3003
경북, 60㎡이하,2019,7,2472
경북, 60㎡초과 85㎡이하,2019,7,2522
경북, 85㎡초과 102㎡이하,2019,7,2667
경북, 102㎡초과,2019,7,3076
경남, 60㎡이하,2019,7,2937
경남, 60㎡초과 85㎡이하,2019,7,2954
경남, 85㎡초과 102㎡이하,2019,7,3211
경남, 102㎡초과,2019,7,4303
제주, 60㎡이하,2019,7,3804
제주, 60㎡초과 85㎡이하,2019,7,3884
제주, 102㎡초과,2019,7,3601
서울, 60㎡이하,2019,8,8223
서울, 60㎡초과 85㎡이하,2019,8,8562
서울, 85㎡초과 102㎡이하,2019,8,12728
서울, 102㎡초과,2019,8,8866
인천, 60㎡이하,2019,8,3782
인천, 60㎡초과 85㎡이하,2019,8,3966
인천, 85㎡초과 102㎡이하,2019,8,3773
인천, 102㎡초과,2019,8,5188
경기, 60㎡이하,2019,8,4682
경기, 60㎡초과 85㎡이하,2019,8,4314
경기, 85㎡초과 102㎡이하,2019,8,5284
경기, 102㎡초과,2019,8,5371
부산, 60㎡이하,2019,8,3971
부산, 60㎡초과 85㎡이하,2019,8,3924
부산, 85㎡초과 102㎡이하,2019,8,4474
부산, 102㎡초과,2019,8,4596
대구, 60㎡이하,2019,8,4283
대구, 60㎡초과 85㎡이하,2019,8,4291
대구, 85㎡초과 102㎡이하,2019,8,4120
대구, 102㎡초과,2019,8,4840
광주, 60㎡이하,2019,8,3580
광주, 60㎡초과 85㎡이하,2019,8,3720
광주, 102㎡초과,2019,8,4159
대전, 60㎡이하,2019,8,3416
대전, 60㎡초과 85㎡이하,2019,8,3327
대전, 102㎡초과,2019,8,4505
세종, 60㎡초과 85㎡이하,2019,8,3395
세종, 85㎡초과 102㎡이하,2019,8,3510
세종, 102㎡초과,2019,8,3931
강원, 60㎡이하,2019,8,2574
강원, 60㎡초과 85㎡이하,2019,8,2476
강원, 85㎡초과 102㎡이하,2019,8,3329
강원, 102㎡초과,2019,8,2823
충북, 60㎡이하,2019,8,2124
충북, 60㎡초과 85㎡이하,2019,8,2261
충북, 85㎡초과 102㎡이하,2019,8,2576
충북, 102㎡초과,2019,8,2532
충남, 60㎡이하,2019,8,2595
충남, 60㎡초과 85㎡이하,2019,8,2656
충남, 102㎡초과,2019,8,2835
전북, 60㎡이하,2019,8,2348
전북, 60㎡초과 85㎡이하,2019,8,2630
전북, 85㎡초과 102㎡이하,2019,8,2724
전북, 102㎡초과,2019,8,2698
전남, 60㎡이하,2019,8,2465
전남, 60㎡초과 85㎡이하,2019,8,2339
전남, 85㎡초과 102㎡이하,2019,8,2337
전남, 102㎡초과,2019,8,3003
경북, 60㎡이하,2019,8,2578
경북, 60㎡초과 85㎡이하,2019,8,2599
경북, 85㎡초과 102㎡이하,2019,8,2667
경북, 102㎡초과,2019,8,3183
경남, 60㎡이하,2019,8,2730
경남, 60㎡초과 85㎡이하,2019,8,2958
경남, 85㎡초과 102㎡이하,2019,8,3211
경남, 102㎡초과,2019,8,4303
제주, 60㎡이하,2019,8,3804
제주, 60㎡초과 85㎡이하,2019,8,3884
제주, 102㎡초과,2019,8,3601
서울, 60㎡이하,2019,9,8205
서울, 60㎡초과 85㎡이하,2019,9,8572
서울, 85㎡초과 102㎡이하,2019,9,12728
서울, 102㎡초과,2019,9,8972
인천, 60㎡이하,2019,9,3782
인천, 60㎡초과 85㎡이하,2019,9,3966
인천, 85㎡초과 102㎡이하,2019,9,3773
인천, 102㎡초과,2019,9,5188
경기, 60㎡이하,2019,9,4818
경기, 60㎡초과 85㎡이하,2019,9,4428
경기, 85㎡초과 102㎡이하,2019,9,5284
경기, 102㎡초과,2019,9,5371
부산, 60㎡이하,2019,9,3921
부산, 60㎡초과 85㎡이하,2019,9,4019
부산, 85㎡초과 102㎡이하,2019,9,4420
부산, 102㎡초과,2019,9,4552
대구, 60㎡이하,2019,9,4354
대구, 60㎡초과 85㎡이하,2019,9,4334
대구, 85㎡초과 102㎡이하,2019,9,4450
대구, 102㎡초과,2019,9,4881
광주, 60㎡이하,2019,9,3580
광주, 60㎡초과 85㎡이하,2019,9,3720
광주, 102㎡초과,2019,9,4159
대전, 60㎡이하,2019,9,3611
대전, 60㎡초과 85㎡이하,2019,9,3369
대전, 102㎡초과,2019,9,4500
울산, 60㎡이하,2019,9,2755
울산, 60㎡초과 85㎡이하,2019,9,2716
세종, 60㎡초과 85㎡이하,2019,9,3395
세종, 85㎡초과 102㎡이하,2019,9,3510
세종, 102㎡초과,2019,9,3931
강원, 60㎡이하,2019,9,2547
강원, 60㎡초과 85㎡이하,2019,9,2458
강원, 85㎡초과 102㎡이하,2019,9,3329
강원, 102㎡초과,2019,9,3233
충북, 60㎡이하,2019,9,2303
충북, 60㎡초과 85㎡이하,2019,9,2284
충북, 85㎡초과 102㎡이하,2019,9,2576
충북, 102㎡초과,2019,9,2532
충남, 60㎡이하,2019,9,2366
충남, 60㎡초과 85㎡이하,2019,9,2615
충남, 102㎡초과,2019,9,2835
전북, 60㎡이하,2019,9,2348
전북, 60㎡초과 85㎡이하,2019,9,2630
전북, 85㎡초과 102㎡이하,2019,9,2724
전북, 102㎡초과,2019,9,2698
전남, 60㎡이하,2019,9,2465
전남, 60㎡초과 85㎡이하,2019,9,2481
전남, 85㎡초과 102㎡이하,2019,9,2337
전남, 102㎡초과,2019,9,3053
경북, 60㎡이하,2019,9,2578
경북, 60㎡초과 85㎡이하,2019,9,2638
경북, 85㎡초과 102㎡이하,2019,9,2726
경북, 102㎡초과,2019,9,3362
경남, 60㎡초과 85㎡이하,2019,9,2970
경남, 85㎡초과 102㎡이하,2019,9,3211
경남, 102㎡초과,2019,9,4303
제주, 60㎡이하,2019,9,3804
제주, 60㎡초과 85㎡이하,2019,9,3884
제주, 102㎡초과,2019,9,3601
서울, 60㎡이하,2019,10,8230
서울, 60㎡초과 85㎡이하,2019,10,8574
서울, 85㎡초과 102㎡이하,2019,10,12728
서울, 102㎡초과,2019,10,8903
인천, 60㎡이하,2019,10,3866
인천, 60㎡초과 85㎡이하,2019,10,3956
인천, 85㎡초과 102㎡이하,2019,10,3881
인천, 102㎡초과,2019,10,5185
경기, 60㎡이하,2019,10,4876
경기, 60㎡초과 85㎡이하,2019,10,4353
경기, 85㎡초과 102㎡이하,2019,10,5284
경기, 102㎡초과,2019,10,5292
부산, 60㎡이하,2019,10,3860
부산, 60㎡초과 85㎡이하,2019,10,4056
부산, 85㎡초과 102㎡이하,2019,10,4401
부산, 102㎡초과,2019,10,4433
대구, 60㎡이하,2019,10,4354
대구, 60㎡초과 85㎡이하,2019,10,4385
대구, 85㎡초과 102㎡이하,2019,10,4450
대구, 102㎡초과,2019,10,4830
광주, 60㎡이하,2019,10,3647
광주, 60㎡초과 85㎡이하,2019,10,3771
광주, 102㎡초과,2019,10,4159
대전, 60㎡이하,2019,10,3534
대전, 60㎡초과 85㎡이하,2019,10,3567
대전, 102㎡초과,2019,10,4500
울산, 60㎡이하,2019,10,3399
울산, 60㎡초과 85㎡이하,2019,10,3110
세종, 60㎡초과 85㎡이하,2019,10,3395
세종, 85㎡초과 102㎡이하,2019,10,3510
세종, 102㎡초과,2019,10,3931
강원, 60㎡이하,2019,10,2563
강원, 60㎡초과 85㎡이하,2019,10,2442
강원, 85㎡초과 102㎡이하,2019,10,3329
강원, 102㎡초과,2019,10,3233
충북, 60㎡이하,2019,10,2286
충북, 60㎡초과 85㎡이하,2019,10,2292
충북, 85㎡초과 102㎡이하,2019,10,2634
충북, 102㎡초과,2019,10,2532
충남, 60㎡이하,2019,10,2332
충남, 60㎡초과 85㎡이하,2019,10,2629
충남, 85㎡초과 102㎡이하,2019,10,3201
충남, 102㎡초과,2019,10,2835
전북, 60㎡이하,2019,10,2387
전북, 60㎡초과 85㎡이하,2019,10,2542
전북, 85㎡초과 102㎡이하,2019,10,2764
전북, 102㎡초과,2019,10,2667
전남, 60㎡이하,2019,10,2465
전남, 60㎡초과 85㎡이하,2019,10,2494
전남, 85㎡초과 102㎡이하,2019,10,2337
전남, 102㎡초과,2019,10,3053
경북, 60㎡이하,2019,10,2578
경북, 60㎡초과 85㎡이하,2019,10,2897
경북, 85㎡초과 102㎡이하,2019,10,2604
경북, 102㎡초과,2019,10,3457
경남, 60㎡초과 85㎡이하,2019,10,3176
경남, 85㎡초과 102㎡이하,2019,10,3247
경남, 102㎡초과,2019,10,4303
제주, 60㎡이하,2019,10,3804
제주, 60㎡초과 85㎡이하,2019,10,3884
제주, 102㎡초과,2019,10,3601
서울, 60㎡이하,2019,11,8196
서울, 60㎡초과 85㎡이하,2019,11,8300
서울, 85㎡초과 102㎡이하,2019,11,12728
서울, 102㎡초과,2019,11,8952
인천, 60㎡이하,2019,11,3911
인천, 60㎡초과 85㎡이하,2019,11,3922
인천, 85㎡초과 102㎡이하,2019,11,3904
인천, 102㎡초과,2019,11,4768
경기, 60㎡이하,2019,11,4885
경기, 60㎡초과 85㎡이하,2019,11,4341
경기, 85㎡초과 102㎡이하,2019,11,5284
경기, 102㎡초과,2019,11,5342
부산, 60㎡이하,2019,11,3749
부산, 60㎡초과 85㎡이하,2019,11,4010
부산, 85㎡초과 102㎡이하,2019,11,4401
부산, 102㎡초과,2019,11,4322
대구, 60㎡이하,2019,11,4364
대구, 60㎡초과 85㎡이하,2019,11,4369
대구, 85㎡초과 102㎡이하,2019,11,4389
대구, 102㎡초과,2019,11,5158
광주, 60㎡이하,2019,11,3717
광주, 60㎡초과 85㎡이하,2019,11,3841
광주, 102㎡초과,2019,11,4246
대전, 60㎡이하,2019,11,3534
대전, 60㎡초과 85㎡이하,2019,11,3567
대전, 102㎡초과,2019,11,4500
울산, 60㎡이하,2019,11,3399
울산, 60㎡초과 85㎡이하,2019,11,3110
세종, 60㎡초과 85㎡이하,2019,11,3395
세종, 85㎡초과 102㎡이하,2019,11,3510
세종, 102㎡초과,2019,11,3931
강원, 60㎡이하,2019,11,2561
강원, 60㎡초과 85㎡이하,2019,11,2489
강원, 85㎡초과 102㎡이하,2019,11,3329
강원, 102㎡초과,2019,11,3598
충북, 60㎡이하,2019,11,2324
충북, 60㎡초과 85㎡이하,2019,11,2293
충북, 85㎡초과 102㎡이하,2019,11,2634
충북, 102㎡초과,2019,11,2532
충남, 60㎡이하,2019,11,2332
충남, 60㎡초과 85㎡이하,2019,11,2629
충남, 85㎡초과 102㎡이하,2019,11,3201
충남, 102㎡초과,2019,11,2835
전북, 60㎡이하,2019,11,2526
전북, 60㎡초과 85㎡이하,2019,11,2458
전북, 85㎡초과 102㎡이하,2019,11,2764
전북, 102㎡초과,2019,11,2667
전남, 60㎡이하,2019,11,2529
전남, 60㎡초과 85㎡이하,2019,11,2514
전남, 102㎡초과,2019,11,3053
경북, 60㎡이하,2019,11,2578
경북, 60㎡초과 85㎡이하,2019,11,2897
경북, 85㎡초과 102㎡이하,2019,11,2604
경북, 102㎡초과,2019,11,3457
경남, 60㎡이하,2019,11,2780
경남, 60㎡초과 85㎡이하,2019,11,3174
경남, 85㎡초과 102㎡이하,2019,11,3247
경남, 102㎡초과,2019,11,4303
제주, 60㎡초과 85㎡이하,2019,11,3898
제주, 102㎡초과,2019,11,3601
서울, 60㎡이하,2019,12,8115
서울, 60㎡초과 85㎡이하,2019,12,8171
서울, 85㎡초과 102㎡이하,2019,12,12728
서울, 102㎡초과,2019,12,8989
인천, 60㎡이하,2019,12,3993
인천, 60㎡초과 85㎡이하,2019,12,3989
인천, 85㎡초과 102㎡이하,2019,12,3981
인천, 102㎡초과,2019,12,4768
경기, 60㎡이하,2019,12,4931
경기, 60㎡초과 85㎡이하,2019,12,4390
경기, 85㎡초과 102㎡이하,2019,12,5438
경기, 102㎡초과,2019,12,5180
부산, 60㎡이하,2019,12,3711
부산, 60㎡초과 85㎡이하,2019,12,3907
부산, 85㎡초과 102㎡이하,2019,12,4401
부산, 102㎡초과,2019,12,4322
대구, 60㎡이하,2019,12,4314
대구, 60㎡초과 85㎡이하,2019,12,4367
대구, 85㎡초과 102㎡이하,2019,12,4414
대구, 102㎡초과,2019,12,5130
광주, 60㎡이하,2019,12,3926
광주, 60㎡초과 85㎡이하,2019,12,3852
광주, 102㎡초과,2019,12,4310
대전, 60㎡이하,2019,12,3534
대전, 60㎡초과 85㎡이하,2019,12,3567
대전, 102㎡초과,2019,12,4500
울산, 60㎡이하,2019,12,3399
울산, 60㎡초과 85㎡이하,2019,12,3114
세종, 60㎡초과 85㎡이하,2019,12,3395
세종, 85㎡초과 102㎡이하,2019,12,3510
세종, 102㎡초과,2019,12,3931
강원, 60㎡이하,2019,12,2561
강원, 60㎡초과 85㎡이하,2019,12,2489
강원, 85㎡초과 102㎡이하,2019,12,3329
강원, 102㎡초과,2019,12,3598
충북, 60㎡이하,2019,12,2324
충북, 60㎡초과 85㎡이하,2019,12,2297
충북, 85㎡초과 102㎡이하,2019,12,2634
충북, 102㎡초과,2019,12,2532
충남, 60㎡이하,2019,12,2382
충남, 60㎡초과 85㎡이하,2019,12,2666
충남, 85㎡초과 102㎡이하,2019,12,3201
충남, 102㎡초과,2019,12,2835
전북, 60㎡이하,2019,12,2526
전북, 60㎡초과 85㎡이하,2019,12,2458
전북, 85㎡초과 102㎡이하,2019,12,2764
전북, 102㎡초과,2019,12,2667
전남, 60㎡이하,2019,12,2529
전남, 60㎡초과 85㎡이하,2019,12,2452
전남, 102㎡초과,2019,12,3053
경북, 60㎡이하,2019,12,2578
경북, 60㎡초과 85㎡이하,2019,12,2897
경북, 85㎡초과 102㎡이하,2019,12,2604
경북, 102㎡초과,2019,12,3457
경남, 60㎡이하,2019,12,2780
경남, 60㎡초과 85㎡이하,2019,12,3065
경남, 85㎡초과 102㎡이하,2019,12,3247
제주, 60㎡초과 85㎡이하,2019,12,3898
제주, 102㎡초과,2019,12,3601
서울, 60㎡이하,2020,1,8330
서울, 60㎡초과 85㎡이하,2020,1,8135
서울, 85㎡초과 102㎡이하,2020,1,12728
서울, 102㎡초과,2020,1,8779
인천, 60㎡이하,2020,1,3985
인천, 60㎡초과 85㎡이하,2020,1,4001
인천, 85㎡초과 102㎡이하,2020,1,3981
인천, 102㎡초과,2020,1,4768
경기, 60㎡이하,2020,1,4939
경기, 60㎡초과 85㎡이하,2020,1,4404
경기, 85㎡초과 102㎡이하,2020,1,5464
경기, 102㎡초과,2020,1,5204
부산, 60㎡이하,2020,1,3711
부산, 60㎡초과 85㎡이하,2020,1,3907
부산, 85㎡초과 102㎡이하,2020,1,4401
부산, 102㎡초과,2020,1,4322
대구, 60㎡이하,2020,1,4324
대구, 60㎡초과 85㎡이하,2020,1,4417
대구, 85㎡초과 102㎡이하,2020,1,4067
대구, 102㎡초과,2020,1,5117
광주, 60㎡이하,2020,1,3926
광주, 60㎡초과 85㎡이하,2020,1,3861
광주, 102㎡초과,2020,1,4310
대전, 60㎡이하,2020,1,3534
대전, 60㎡초과 85㎡이하,2020,1,3567
대전, 102㎡초과,2020,1,4500
울산, 60㎡이하,2020,1,3399
울산, 60㎡초과 85㎡이하,2020,1,3114
세종, 60㎡초과 85㎡이하,2020,1,3395
세종, 85㎡초과 102㎡이하,2020,1,3510
세종, 102㎡초과,2020,1,3931
강원, 60㎡이하,2020,1,2560
강원, 60㎡초과 85㎡이하,2020,1,2464
강원, 85㎡초과 102㎡이하,2020,1,3329
강원, 102㎡초과,2020,1,3891
충북, 60㎡이하,2020,1,2324
충북, 60㎡초과 85㎡이하,2020,1,2297
충북, 85㎡초과 102㎡이하,2020,1,2634
충북, 102㎡초과,2020,1,2532
충남, 60㎡이하,2020,1,2382
충남, 60㎡초과 85㎡이하,2020,1,2666
충남, 85㎡초과 102㎡이하,2020,1,3201
충남, 102㎡초과,2020,1,2835
전북, 60㎡이하,2020,1,2526
전북, 60㎡초과 85㎡이하,2020,1,2458
전북, 85㎡초과 102㎡이하,2020,1,2764
전북, 102㎡초과,2020,1,2667
전남, 60㎡이하,2020,1,2529
전남, 60㎡초과 85㎡이하,2020,1,2486
전남, 102㎡초과,2020,1,3053
경북, 60㎡이하,2020,1,2578
경북, 60㎡초과 85㎡이하,2020,1,3061
경북, 102㎡초과,2020,1,3457
경남, 60㎡이하,2020,1,2780
경남, 60㎡초과 85㎡이하,2020,1,3065
경남, 85㎡초과 102㎡이하,2020,1,3247
제주, 60㎡이하,2020,1,4039
제주, 60㎡초과 85㎡이하,2020,1,3962
제주, 102㎡초과,2020,1,3601
서울, 60㎡이하,2020,2,8193
서울, 60㎡초과 85㎡이하,2020,2,8140
서울, 85㎡초과 102㎡이하,2020,2,13835
서울, 102㎡초과,2020,2,9039
인천, 60㎡이하,2020,2,3994
인천, 60㎡초과 85㎡이하,2020,2,4079
인천, 85㎡초과 102㎡이하,2020,2,3981
인천, 102㎡초과,2020,2,4958
경기, 60㎡이하,2020,2,4918
경기, 60㎡초과 85㎡이하,2020,2,4402
경기, 85㎡초과 102㎡이하,2020,2,5418
경기, 102㎡초과,2020,2,5133
부산, 60㎡이하,2020,2,3760
부산, 60㎡초과 85㎡이하,2020,2,3941
부산, 85㎡초과 102㎡이하,2020,2,4401
부산, 102㎡초과,2020,2,4322
대구, 60㎡이하,2020,2,4300
대구, 60㎡초과 85㎡이하,2020,2,4418
대구, 85㎡초과 102㎡이하,2020,2,4060
대구, 102㎡초과,2020,2,5117
광주, 60㎡이하,2020,2,3926
광주, 60㎡초과 85㎡이하,2020,2,3861
광주, 102㎡초과,2020,2,4310
대전, 60㎡이하,2020,2,3534
대전, 60㎡초과 85㎡이하,2020,2,3567
대전, 102㎡초과,2020,2,4500
울산, 60㎡이하,2020,2,3399
울산, 60㎡초과 85㎡이하,2020,2,3114
세종, 60㎡초과 85㎡이하,2020,2,3395
세종, 85㎡초과 102㎡이하,2020,2,3510
세종, 102㎡초과,2020,2,3931
강원, 60㎡이하,2020,2,2560
강원, 60㎡초과 85㎡이하,2020,2,2501
강원, 85㎡초과 102㎡이하,2020,2,3329
강원, 102㎡초과,2020,2,3906
충북, 60㎡이하,2020,2,2420
충북, 60㎡초과 85㎡이하,2020,2,2384
충북, 85㎡초과 102㎡이하,2020,2,2634
충북, 102㎡초과,2020,2,2532
충남, 60㎡이하,2020,2,2389
충남, 60㎡초과 85㎡이하,2020,2,2622
충남, 85㎡초과 102㎡이하,2020,2,3201
충남, 102㎡초과,2020,2,2835
전북, 60㎡이하,2020,2,2526
전북, 60㎡초과 85㎡이하,2020,2,2458
전북, 85㎡초과 102㎡이하,2020,2,2764
전북, 102㎡초과,2020,2,2667
전남, 60㎡이하,2020,2,2529
전남, 60㎡초과 85㎡이하,2020,2,2507
전남, 102㎡초과,2020,2,3053
경북, 60㎡이하,2020,2,2578
경북, 60㎡초과 85㎡이하,2020,2,2549
경북, 102㎡초과,2020,2,2756
경남, 60㎡이하,2020,2,2780
경남, 60㎡초과 85㎡이하,2020,2,3065
경남, 85㎡초과 102㎡이하,2020,2,3247
제주, 60㎡이하,2020,2,4039
제주, 60㎡초과 85㎡이하,2020,2,3962
제주, 102㎡초과,2020,2,3601
